temperature_c,humidity_pct,pressure_hpa,mq4_ch4_ppm,mq135_gas_ppm,sound_db,vibration_g,temp_change_rate,ch4_change_rate,Hazard_Type,Risk_Level,Recommended_Action
25.24,55.04,1007.09,1924.2,161.13,64.94,0.21,0.147,19.386,Methane Accumulation,High Risk,Boost Ventilation Fan Speed & Alert Sector
24.96,50.45,1014.65,143.36,120.99,70.55,5.39,0.003,0.516,Worker Fall / Distress,High Risk,Dispatch Medical Team & Locate Worker via LoRa Beacon
21.87,61.35,1014.38,115.66,85.23,103.77,5.1,-0.04,-1.415,Roof Fall / Rock Burst Risk,Critical Danger,Immediate Tunnel Evacuation: Structural Collapse Threat
38.51,31.02,1014.08,441.52,335.44,69.4,0.31,1.11,10.601,Spontaneous Combustion / Fire,High Risk,Dispatch Fire Inspection Team & Seal Airflow
26.57,60.52,1013.66,162.06,60.22,47.4,0.24,0.017,1.024,Normal,Safe,Maintain Regular Monitoring
26.13,50.19,1010.17,153.56,63.68,53.9,0.06,0.089,-0.254,Normal,Safe,Maintain Regular Monitoring
25.58,58.45,1011.67,107.36,51.44,52.84,0.14,0.046,1.56,Normal,Safe,Maintain Regular Monitoring
31.77,88.97,1004.69,181.64,433.31,49.51,0.09,0.059,-1.877,Toxic Gas / Poor Ventilation,High Risk,Activate Auxiliary Air Scrubbers & Ventilate
42.32,43.86,1016.56,928.23,402.15,75.56,0.42,2.239,3.58,Spontaneous Combustion / Fire,Critical Danger,Trigger Automated Fire Suppression & Evacuate
26.97,67.28,1014.5,243.11,62.15,121.44,2.28,-0.007,-0.347,Roof Fall / Rock Burst Risk,Critical Danger,Immediate Tunnel Evacuation: Structural Collapse Threat
23.57,63.49,1015.48,96.48,30.09,56.15,0.15,0.032,0.404,Normal,Safe,Maintain Regular Monitoring
26.13,58.63,1013.28,271.66,78.47,74.06,3.24,0.059,2.59,Worker Fall / Distress,High Risk,Dispatch Medical Team & Locate Worker via LoRa Beacon
33.04,94.46,1005.78,206.22,501.78,49.47,0.12,0.022,-1.013,Toxic Gas / Poor Ventilation,High Risk,Activate Auxiliary Air Scrubbers & Ventilate
26.55,68.59,1012.85,127.16,72.64,49,0.19,-0.005,-0.178,Normal,Safe,Maintain Regular Monitoring
23.76,58.69,1007.11,189.47,60.51,54.38,0.25,0.081,-0.584,Normal,Safe,Maintain Regular Monitoring
25.08,56.1,1016.76,162.65,87.03,60.23,0.19,-0.047,-1.823,Normal,Safe,Maintain Regular Monitoring
24.73,67.14,1009.25,213.02,83.7,47.73,0.23,0.062,1.307,Normal,Safe,Maintain Regular Monitoring
30.8,59.2,1004.1,2668.42,173.75,44.62,0.34,0.285,22.75,Methane Accumulation,Critical Danger,Immediate Evacuation & Cut Power Supply
25.93,59.46,1009.33,1956.15,173,63.52,0.17,0.22,71.343,Methane Accumulation,Critical Danger,Immediate Evacuation & Cut Power Supply
25.07,57.32,1016.46,197.59,35.39,57.2,0.07,0.112,-1.762,Normal,Safe,Maintain Regular Monitoring
49.16,33.94,1008.96,504.93,561.87,71,0.33,3.209,3.853,Spontaneous Combustion / Fire,Critical Danger,Trigger Automated Fire Suppression & Evacuate
26.12,61.48,1012.69,185.91,92.37,55.42,0.06,0.078,0.917,Normal,Safe,Maintain Regular Monitoring
26.59,63.33,1015.13,192.87,68.64,44.14,0.14,-0.014,1.113,Normal,Safe,Maintain Regular Monitoring
29.75,59.18,1011.81,3248,145.76,75.12,0.16,0.274,50.865,Methane Accumulation,Critical Danger,Immediate Evacuation & Cut Power Supply
26.51,54.94,1016.68,4604.6,142.08,60.59,0.29,0.429,19.965,Methane Accumulation,Critical Danger,Immediate Evacuation & Cut Power Supply
25.21,60.29,1008.04,165.05,43.65,92.76,2.74,-0.046,0.117,Roof Fall / Rock Burst Risk,Critical Danger,Immediate Tunnel Evacuation: Structural Collapse Threat
21.79,65.8,1013.45,36.36,28.95,50.49,0.21,0.044,3.777,Normal,Safe,Maintain Regular Monitoring
27.75,58.92,1004.88,3287.41,83.66,60.45,0.19,0.308,49.548,Methane Accumulation,Critical Danger,Immediate Evacuation & Cut Power Supply
51.45,47.86,1010.07,361.77,346.38,58.36,0.27,3.251,9.14,Spontaneous Combustion / Fire,Critical Danger,Trigger Automated Fire Suppression & Evacuate
21.16,54.09,1015.89,191.49,71.55,53.39,0.14,-0.025,-0.566,Normal,Safe,Maintain Regular Monitoring
45.22,43.02,1008.93,310.36,256.88,71.58,0.35,2.632,5.619,Spontaneous Combustion / Fire,Critical Danger,Trigger Automated Fire Suppression & Evacuate
24.2,61.51,1013.26,160.2,90.59,51.33,0.23,0.038,0.57,Normal,Safe,Maintain Regular Monitoring
23.16,53.51,1011.26,127.13,38.46,43.24,0.2,0.057,1.663,Normal,Safe,Maintain Regular Monitoring
26.07,61.12,1017.33,221.51,64.78,77.66,5.8,0.07,-0.25,Worker Fall / Distress,High Risk,Dispatch Medical Team & Locate Worker via LoRa Beacon
25.72,66.56,1011.6,136.53,92.4,79.28,5.18,0.041,1.033,Worker Fall / Distress,High Risk,Dispatch Medical Team & Locate Worker via LoRa Beacon
30.62,84.34,1009.51,279.16,258.48,50.46,0.09,0.155,3.791,Toxic Gas / Poor Ventilation,Moderate Risk,Inspect Ventilation Ducts & Airflow Dampers
23.49,60.95,1008.15,157.05,63.2,51.45,0.25,0.115,-0.055,Normal,Safe,Maintain Regular Monitoring
24.42,56.27,1013.22,209.13,49.48,52.83,0.05,0.007,2.418,Normal,Safe,Maintain Regular Monitoring
26.12,62.52,1014.09,188.53,106.14,121.46,2.78,-0.003,0.093,Roof Fall / Rock Burst Risk,Critical Danger,Immediate Tunnel Evacuation: Structural Collapse Threat
27.9,50.57,1003.49,2988.56,88.5,75.86,0.29,0.423,73.355,Methane Accumulation,Critical Danger,Immediate Evacuation & Cut Power Supply
21.26,59.29,1010.84,53.59,42.36,59.49,0.17,0.011,-0.83,Normal,Safe,Maintain Regular Monitoring
26.59,74,1009.17,3099.04,144.48,69.2,0.15,0.153,48.288,Methane Accumulation,Critical Danger,Immediate Evacuation & Cut Power Supply
24.31,54.38,1013.92,216.42,67.01,52.83,0.21,0.034,1.246,Normal,Safe,Maintain Regular Monitoring
34.61,84.08,1003.52,288.8,543.54,44.77,0.16,-0.092,3.524,Toxic Gas / Poor Ventilation,High Risk,Activate Auxiliary Air Scrubbers & Ventilate
22.87,58.73,1011.41,150.66,67.28,56.34,0.25,0.08,0.096,Normal,Safe,Maintain Regular Monitoring
52.82,39.47,1014.08,1009.13,248.73,66.57,0.42,2.01,7.104,Spontaneous Combustion / Fire,Critical Danger,Trigger Automated Fire Suppression & Evacuate
25.68,62.97,1013.14,163.03,73.11,57.44,0.11,0.077,-0.138,Normal,Safe,Maintain Regular Monitoring
25.21,55.9,1005.86,906.55,158.54,68.85,0.31,0.136,67.74,Methane Accumulation,Critical Danger,Immediate Evacuation & Cut Power Supply
52.92,41.17,1011.51,901.2,609.12,62.63,0.3,1.01,6.075,Spontaneous Combustion / Fire,Critical Danger,Trigger Automated Fire Suppression & Evacuate
24.88,58.62,1012.77,110.37,90.93,43.64,0.07,0.031,2.246,Normal,Safe,Maintain Regular Monitoring
25.01,63.92,1012.25,77.5,76.26,77.38,3.97,0.044,-0.63,Worker Fall / Distress,High Risk,Dispatch Medical Team & Locate Worker via LoRa Beacon
24.69,67.5,1011.16,165.76,58.08,109.78,5.13,0.035,-1.453,Roof Fall / Rock Burst Risk,Critical Danger,Immediate Tunnel Evacuation: Structural Collapse Threat
28.01,59.87,1013.01,273.28,85.28,81.23,5.13,-0.032,0.189,Worker Fall / Distress,High Risk,Dispatch Medical Team & Locate Worker via LoRa Beacon
32.78,85.39,1008.37,391.19,397.85,45.28,0.06,0.095,-0.478,Toxic Gas / Poor Ventilation,High Risk,Activate Auxiliary Air Scrubbers & Ventilate
46.93,33.69,1013.11,363.75,509.6,63.62,0.23,2.709,2.627,Spontaneous Combustion / Fire,Critical Danger,Trigger Automated Fire Suppression & Evacuate
25.04,69.95,1009.4,135.9,49.17,79.01,4.09,-0.024,0.874,Worker Fall / Distress,High Risk,Dispatch Medical Team & Locate Worker via LoRa Beacon
24.97,62.97,1015.75,112.77,93.99,51.5,0.15,0.098,-1.094,Normal,Safe,Maintain Regular Monitoring
25.44,57.92,1013.77,180.06,86.52,61.35,0.07,0.051,1.945,Normal,Safe,Maintain Regular Monitoring
24.25,59.75,1013.2,129.58,57,47.68,0.12,0.082,0.116,Normal,Safe,Maintain Regular Monitoring
23.79,64.41,1012.09,220.66,48.88,64.61,0.11,0.039,-0.582,Normal,Safe,Maintain Regular Monitoring
25.26,66.75,1003.24,3667.17,93.91,75.14,0.32,0.112,19.066,Methane Accumulation,Critical Danger,Immediate Evacuation & Cut Power Supply
21.96,62.2,1010.19,80.24,25.59,53.63,0.15,-0.03,1.435,Normal,Safe,Maintain Regular Monitoring
32.17,82.14,995.36,289.23,537.59,45.27,0.13,0.134,-0.447,Toxic Gas / Poor Ventilation,High Risk,Activate Auxiliary Air Scrubbers & Ventilate
27.24,69.29,1007.05,1899.05,72.11,63.54,0.17,0.21,39.367,Methane Accumulation,High Risk,Boost Ventilation Fan Speed & Alert Sector
27.29,66.94,1009.15,217.35,81.94,41.36,0.11,-0.027,0.376,Normal,Safe,Maintain Regular Monitoring
52.44,37.48,1004.25,299.17,660.58,68.15,0.44,1.004,5.657,Spontaneous Combustion / Fire,Critical Danger,Trigger Automated Fire Suppression & Evacuate
24.92,58.69,1011.41,86.75,70.38,56.95,0.18,0.002,2.397,Normal,Safe,Maintain Regular Monitoring
29.82,86.83,1000.94,425.25,308.77,44.58,0.16,0.024,1.304,Toxic Gas / Poor Ventilation,Moderate Risk,Inspect Ventilation Ducts & Airflow Dampers
23,72.45,1008.38,136.95,73.23,52.86,0.21,0.129,-1.773,Normal,Safe,Maintain Regular Monitoring
23.59,64.5,1011.4,110.2,44.5,91.09,6.44,-0.062,0.448,Worker Fall / Distress,High Risk,Dispatch Medical Team & Locate Worker via LoRa Beacon
25.74,64.24,1013,126.72,74.96,108.18,2.05,0.017,0.241,Roof Fall / Rock Burst Risk,Critical Danger,Immediate Tunnel Evacuation: Structural Collapse Threat
25.49,59.09,1013.28,221.86,78.8,47.54,0.19,0.056,-1.052,Normal,Safe,Maintain Regular Monitoring
22.78,64.36,1017.65,138.37,24.53,58.63,0.11,0.043,1.357,Normal,Safe,Maintain Regular Monitoring
28.67,88,1004.92,348.73,250.29,42.04,0.1,0.011,-1.688,Toxic Gas / Poor Ventilation,Moderate Risk,Inspect Ventilation Ducts & Airflow Dampers
21.79,65.24,1012.45,251.17,86.17,100.14,4.48,0.026,-1.38,Roof Fall / Rock Burst Risk,Critical Danger,Immediate Tunnel Evacuation: Structural Collapse Threat
27.76,57.78,1009.87,245.28,48.14,105.2,2.55,-0.014,0.414,Roof Fall / Rock Burst Risk,Critical Danger,Immediate Tunnel Evacuation: Structural Collapse Threat
24.62,56.3,1017.95,184.42,81.34,113.8,2.76,0.041,-0.091,Roof Fall / Rock Burst Risk,Critical Danger,Immediate Tunnel Evacuation: Structural Collapse Threat
27.04,59.97,1012.12,50.08,65.67,48.84,0.22,-0.11,0.739,Normal,Safe,Maintain Regular Monitoring
27.87,62.43,1012.94,3895.94,148.56,53.43,0.14,0.211,34.773,Methane Accumulation,Critical Danger,Immediate Evacuation & Cut Power Supply
26.39,59.48,1012.96,78.64,20.76,48.48,0.1,-0.034,1.961,Normal,Safe,Maintain Regular Monitoring
33.94,87.92,1008.28,240.88,320.6,47.98,0.15,0.013,-1.271,Toxic Gas / Poor Ventilation,Moderate Risk,Inspect Ventilation Ducts & Airflow Dampers
55.84,44.13,1015.11,811.86,256.09,55.96,0.31,2.715,3.673,Spontaneous Combustion / Fire,Critical Danger,Trigger Automated Fire Suppression & Evacuate
25.25,69.01,1015.15,85.38,74.52,56.5,0.15,-0.095,0.688,Normal,Safe,Maintain Regular Monitoring
26.45,66.98,1015.65,167.34,75.27,59.06,0.21,-0.008,-0.82,Normal,Safe,Maintain Regular Monitoring
25.29,65.89,1014.57,227.75,56.8,52.68,0.21,-0.016,2.233,Normal,Safe,Maintain Regular Monitoring
24.39,64.27,1015.52,178.9,74.61,55.24,0.22,0.045,-0.131,Normal,Safe,Maintain Regular Monitoring
20.69,69.49,1010.56,132.21,109.71,110.87,4.51,-0.025,0.884,Roof Fall / Rock Burst Risk,Critical Danger,Immediate Tunnel Evacuation: Structural Collapse Threat
48.58,44.66,1005.22,1020.17,225.59,65.42,0.31,1.577,5.068,Spontaneous Combustion / Fire,Critical Danger,Trigger Automated Fire Suppression & Evacuate
30.47,90.7,1005.57,250.21,459.12,43.66,0.05,-0.006,2.864,Toxic Gas / Poor Ventilation,High Risk,Activate Auxiliary Air Scrubbers & Ventilate
30.63,56.06,1006.27,2326.99,183.33,60.69,0.26,0.312,28.929,Methane Accumulation,High Risk,Boost Ventilation Fan Speed & Alert Sector
27.11,69.6,1011.72,57.6,53.3,47.03,0.24,0.024,0.224,Normal,Safe,Maintain Regular Monitoring
23.15,68.45,1015.11,156.09,67.72,101.52,2.7,0.007,-1.25,Roof Fall / Rock Burst Risk,Critical Danger,Immediate Tunnel Evacuation: Structural Collapse Threat
23.16,58.98,1012.62,188.65,46.16,90.57,5.03,0.013,-0.347,Roof Fall / Rock Burst Risk,Critical Danger,Immediate Tunnel Evacuation: Structural Collapse Threat
49.18,40.47,1009.05,801.23,343,73.68,0.36,2.447,5.129,Spontaneous Combustion / Fire,Critical Danger,Trigger Automated Fire Suppression & Evacuate
22.7,67.28,1007.39,235.9,115.74,91.6,2.33,0.001,0.477,Roof Fall / Rock Burst Risk,Critical Danger,Immediate Tunnel Evacuation: Structural Collapse Threat
30.33,64.35,1004.54,910.81,139.95,75.56,0.16,0.257,42.932,Methane Accumulation,High Risk,Boost Ventilation Fan Speed & Alert Sector
26.88,57.69,1009.68,3506.22,187.24,55.08,0.29,0.186,79.018,Methane Accumulation,Critical Danger,Immediate Evacuation & Cut Power Supply
23.79,57.37,1014.71,885.76,140.73,58.06,0.25,0.071,64.984,Methane Accumulation,Critical Danger,Immediate Evacuation & Cut Power Supply
25.74,63.8,1014.9,44.5,44.15,65.23,0.17,0.005,-0.196,Normal,Safe,Maintain Regular Monitoring
24.93,64.5,1014.62,194.56,71.12,60.21,0.15,0.064,0.278,Normal,Safe,Maintain Regular Monitoring
23.38,62.77,1015.5,133.66,81.29,61.64,0.14,0.052,-1.106,Normal,Safe,Maintain Regular Monitoring
51.52,36.55,1012.43,626.16,518.69,64.15,0.28,0.859,5.01,Spontaneous Combustion / Fire,Critical Danger,Trigger Automated Fire Suppression & Evacuate
26.05,58.55,1013.21,128.56,79.8,50.8,0.08,-0.005,1.448,Normal,Safe,Maintain Regular Monitoring
27.68,63.42,1011.87,1286.21,104.7,53.32,0.23,0.117,52.489,Methane Accumulation,Critical Danger,Immediate Evacuation & Cut Power Supply
30.5,86.95,1006.93,242.34,520.69,51.34,0.09,0.094,1.172,Toxic Gas / Poor Ventilation,High Risk,Activate Auxiliary Air Scrubbers & Ventilate
20.51,60.85,1010.65,130.07,85.89,60.53,0.22,0.044,0.033,Normal,Safe,Maintain Regular Monitoring
30.18,53.38,1009.44,3510.9,91.51,53.7,0.13,0.274,26.57,Methane Accumulation,Critical Danger,Immediate Evacuation & Cut Power Supply
25.22,72.72,1011.16,143.77,48.43,95.56,3.57,0.027,-1.218,Roof Fall / Rock Burst Risk,Critical Danger,Immediate Tunnel Evacuation: Structural Collapse Threat
25.58,61.27,1011.42,100.03,67.47,63.05,0.19,-0.097,-0.542,Normal,Safe,Maintain Regular Monitoring
25.46,48.82,1013.21,203.48,48.6,49.45,0.12,0.033,1.02,Normal,Safe,Maintain Regular Monitoring
23.05,59.64,1009.35,202.65,50.01,54.73,0.16,-0.018,2.257,Normal,Safe,Maintain Regular Monitoring
26.29,63.4,1018.48,195.75,63.22,61.58,0.14,-0.011,0.9,Normal,Safe,Maintain Regular Monitoring
24.26,64.46,1015.07,78.17,74.9,90.09,6.18,-0.014,0.941,Worker Fall / Distress,High Risk,Dispatch Medical Team & Locate Worker via LoRa Beacon
31.79,95.55,1005.77,172.23,337.66,49.25,0.1,0.005,-1.156,Toxic Gas / Poor Ventilation,Moderate Risk,Inspect Ventilation Ducts & Airflow Dampers
43.71,35.45,1007.59,308.41,390,80.33,0.35,2.714,2.084,Spontaneous Combustion / Fire,High Risk,Dispatch Fire Inspection Team & Seal Airflow
29.52,91.26,1003.87,295.2,211.81,49.26,0.15,-0.009,1.164,Toxic Gas / Poor Ventilation,Moderate Risk,Inspect Ventilation Ducts & Airflow Dampers
33.37,90.17,1007.82,390.9,386.12,39.96,0.13,0.113,3.807,Toxic Gas / Poor Ventilation,High Risk,Activate Auxiliary Air Scrubbers & Ventilate
25.76,59.78,1011.76,204.93,80.41,65.2,0.23,0.074,2.738,Normal,Safe,Maintain Regular Monitoring
29.1,88.63,1009.44,364.92,302.12,40.83,0.08,-0.011,-0.375,Toxic Gas / Poor Ventilation,Moderate Risk,Inspect Ventilation Ducts & Airflow Dampers
45.35,46.16,1005.2,315.43,540.23,68.22,0.26,3.019,8.595,Spontaneous Combustion / Fire,Critical Danger,Trigger Automated Fire Suppression & Evacuate
33.57,85.81,1000.63,431.72,426.37,42.54,0.08,0.121,2.194,Toxic Gas / Poor Ventilation,High Risk,Activate Auxiliary Air Scrubbers & Ventilate
29.53,90.33,1001.21,229.39,435.07,49.41,0.15,-0.006,2.164,Toxic Gas / Poor Ventilation,High Risk,Activate Auxiliary Air Scrubbers & Ventilate
24.97,59.31,1010.17,35.67,48.62,45.61,0.06,-0.042,1.898,Normal,Safe,Maintain Regular Monitoring
25.71,60.54,1011.79,154.49,40.18,50.13,0.21,-0.031,0.207,Normal,Safe,Maintain Regular Monitoring
24.43,61.33,1014.2,117.49,75.64,62.97,0.2,0.074,2.924,Normal,Safe,Maintain Regular Monitoring
28.93,61.98,1014.54,4763.18,160.81,76.04,0.21,0.118,31.021,Methane Accumulation,Critical Danger,Immediate Evacuation & Cut Power Supply
32.18,94.99,1011.13,428.74,326.25,45.39,0.07,0.139,2.099,Toxic Gas / Poor Ventilation,Moderate Risk,Inspect Ventilation Ducts & Airflow Dampers
33.01,90.3,1004.74,352.44,440.36,43.22,0.17,-0.002,1.003,Toxic Gas / Poor Ventilation,High Risk,Activate Auxiliary Air Scrubbers & Ventilate
22.2,67.56,1016.43,152.84,68.91,47.76,0.19,0.039,2.884,Normal,Safe,Maintain Regular Monitoring
25.94,57.99,1009.37,925.62,163.49,74.43,0.31,0.285,71.197,Methane Accumulation,Critical Danger,Immediate Evacuation & Cut Power Supply
27.09,63.35,997.88,1457.08,138.71,59.63,0.17,0.215,56.499,Methane Accumulation,Critical Danger,Immediate Evacuation & Cut Power Supply
25.88,59.67,1012.75,47.32,68.7,48.22,0.22,0.051,0.3,Normal,Safe,Maintain Regular Monitoring
24.88,57.52,1016.19,188.98,97.37,62.15,0.06,0.014,-0.12,Normal,Safe,Maintain Regular Monitoring
24.15,60.97,1010.96,55.48,56.97,52.05,0.08,0.006,-1.543,Normal,Safe,Maintain Regular Monitoring
23.84,61.32,1015.16,131.85,60.93,73.24,4.05,0.068,-1.139,Worker Fall / Distress,High Risk,Dispatch Medical Team & Locate Worker via LoRa Beacon
23.82,63.66,1015.84,72.53,25.79,54.1,0.16,0.002,0.861,Normal,Safe,Maintain Regular Monitoring
27.37,76.16,1009.4,1930.88,128.54,53.97,0.12,0.011,72.567,Methane Accumulation,Critical Danger,Immediate Evacuation & Cut Power Supply
24.21,63.42,1010.09,162.52,98,107.53,4.07,0.029,0.569,Roof Fall / Rock Burst Risk,Critical Danger,Immediate Tunnel Evacuation: Structural Collapse Threat
27.79,48.43,1006.88,1620.91,128.73,68.76,0.29,-0.132,73.676,Methane Accumulation,Critical Danger,Immediate Evacuation & Cut Power Supply
21.33,70.71,1010.9,157.63,69.54,81.35,5.72,-0.012,-0.3,Worker Fall / Distress,High Risk,Dispatch Medical Team & Locate Worker via LoRa Beacon
29.76,74.76,1018.66,115.16,89.74,79.3,5.38,-0.008,0.217,Worker Fall / Distress,High Risk,Dispatch Medical Team & Locate Worker via LoRa Beacon
22.52,59.06,1010.69,91.6,46.42,48.37,0.12,0.031,-0.139,Normal,Safe,Maintain Regular Monitoring
29.39,60.7,1004.62,4188.23,165.51,66.16,0.16,0.102,30.275,Methane Accumulation,Critical Danger,Immediate Evacuation & Cut Power Supply
23.85,64.69,1014.09,160.4,78.06,47.9,0.12,0.018,-0.592,Normal,Safe,Maintain Regular Monitoring
22.81,58.66,1014.08,127.7,57.28,57.75,0.15,0.117,-1.181,Normal,Safe,Maintain Regular Monitoring
26.61,60.17,1011.4,125.7,70.09,60.32,0.15,-0.084,2.57,Normal,Safe,Maintain Regular Monitoring
54.46,31.21,1009.84,451.86,242.82,65.03,0.37,1.101,8.083,Spontaneous Combustion / Fire,Critical Danger,Trigger Automated Fire Suppression & Evacuate
25.37,56.72,1012.88,2398.77,160.09,58.1,0.13,0.127,62.418,Methane Accumulation,Critical Danger,Immediate Evacuation & Cut Power Supply
25.86,65.71,1013.54,116.83,86.87,50.78,0.06,-0.04,0.61,Normal,Safe,Maintain Regular Monitoring
24.95,61.42,1013.84,142.23,90.86,49.66,0.11,0.068,1.69,Normal,Safe,Maintain Regular Monitoring
32.36,95.86,1009.15,243.56,325.59,39.11,0.1,-0.016,-1.503,Toxic Gas / Poor Ventilation,Moderate Risk,Inspect Ventilation Ducts & Airflow Dampers
23.66,56.23,1009.91,217.56,50.79,55.06,0.14,0.08,1.433,Normal,Safe,Maintain Regular Monitoring
25.34,69.61,1010.35,135.88,93.18,48.36,0.1,-0.005,-0.091,Normal,Safe,Maintain Regular Monitoring
25.33,48.69,1008.92,1987.38,129.14,75.7,0.17,0.063,26.508,Methane Accumulation,High Risk,Boost Ventilation Fan Speed & Alert Sector
29.97,65.74,1008.97,276.58,70.96,88.33,5.37,0.095,0.81,Worker Fall / Distress,High Risk,Dispatch Medical Team & Locate Worker via LoRa Beacon
24.11,66.3,1014.6,72.82,62.36,54.42,0.25,0.096,1.223,Normal,Safe,Maintain Regular Monitoring
36.71,41.17,1006.67,396.65,481.27,68.54,0.24,3.333,10.187,Spontaneous Combustion / Fire,Critical Danger,Trigger Automated Fire Suppression & Evacuate
24.87,66.25,1010.71,89.5,95.36,103.57,2.57,0.004,-1.216,Roof Fall / Rock Burst Risk,Critical Danger,Immediate Tunnel Evacuation: Structural Collapse Threat
25.68,52.67,1016.29,189.07,59.43,61.92,0.12,-0.006,-1.323,Normal,Safe,Maintain Regular Monitoring
19.34,61.74,1013.66,148.58,104.67,116,3.11,-0.065,-0.189,Roof Fall / Rock Burst Risk,Critical Danger,Immediate Tunnel Evacuation: Structural Collapse Threat
27.38,62.7,1005.96,2728.6,118.93,62.28,0.14,0.216,54.353,Methane Accumulation,Critical Danger,Immediate Evacuation & Cut Power Supply
51.72,29.37,1010.19,605.02,273.52,72.27,0.35,1.007,5.547,Spontaneous Combustion / Fire,Critical Danger,Trigger Automated Fire Suppression & Evacuate
48.11,36.06,1010.55,958.6,594.75,57.07,0.23,1.086,5.549,Spontaneous Combustion / Fire,Critical Danger,Trigger Automated Fire Suppression & Evacuate
45.09,41.52,1014.83,809.44,252.25,59.58,0.2,3.034,2.419,Spontaneous Combustion / Fire,Critical Danger,Trigger Automated Fire Suppression & Evacuate
23.79,56,1012.32,184.34,64.27,57.12,0.24,0.007,0.77,Normal,Safe,Maintain Regular Monitoring
32.41,87.64,1007.77,375.72,390.64,47.48,0.1,0.112,2.106,Toxic Gas / Poor Ventilation,High Risk,Activate Auxiliary Air Scrubbers & Ventilate
24.92,60.76,1016.8,124.72,53.71,56.86,0.22,0.138,-2.697,Normal,Safe,Maintain Regular Monitoring
25.71,53.18,1012.52,95.38,37.95,50.85,0.12,0.072,1.2,Normal,Safe,Maintain Regular Monitoring
24.27,64.9,1011.08,226.91,39.92,61.42,0.19,0.042,-0.882,Normal,Safe,Maintain Regular Monitoring
40.9,34.14,1002.13,386.19,298.63,76.83,0.28,2.845,10.98,Spontaneous Combustion / Fire,High Risk,Dispatch Fire Inspection Team & Seal Airflow
37.85,35.86,1013.67,388.57,327.55,79.59,0.16,3.054,11.747,Spontaneous Combustion / Fire,High Risk,Dispatch Fire Inspection Team & Seal Airflow
23.83,59.46,1011.42,55.63,65.51,54.51,0.17,0.016,0.455,Normal,Safe,Maintain Regular Monitoring
23.54,68.97,1008.17,1937.19,155.13,65.54,0.17,0.176,53.491,Methane Accumulation,Critical Danger,Immediate Evacuation & Cut Power Supply
25.9,61.5,1011.39,185.59,47.97,54.34,0.12,-0.025,1.313,Normal,Safe,Maintain Regular Monitoring
37.13,37.85,1007.29,625.79,373.82,72.71,0.2,2.344,10.054,Spontaneous Combustion / Fire,High Risk,Dispatch Fire Inspection Team & Seal Airflow
20.23,58.97,1014.57,67.31,49.82,52.66,0.06,0.028,2.381,Normal,Safe,Maintain Regular Monitoring
23.28,66.63,1008.59,126.77,110.89,118.45,2.81,-0.009,-1.228,Roof Fall / Rock Burst Risk,Critical Danger,Immediate Tunnel Evacuation: Structural Collapse Threat
28.52,53.12,1010.07,4106.18,117.64,69.78,0.14,0.122,61.989,Methane Accumulation,Critical Danger,Immediate Evacuation & Cut Power Supply
28.33,62.74,1011.38,298.22,54.06,94.71,6.43,0.03,1.115,Worker Fall / Distress,High Risk,Dispatch Medical Team & Locate Worker via LoRa Beacon
26.4,63.12,1012.36,137.04,47.55,50.29,0.16,0.001,1.025,Normal,Safe,Maintain Regular Monitoring
24.83,64.13,1013.87,195.31,26.29,50.94,0.2,0.049,0.025,Normal,Safe,Maintain Regular Monitoring
23.68,66.47,1015.9,169.42,65.76,65.97,0.11,-0.017,1.366,Normal,Safe,Maintain Regular Monitoring
22.37,69.54,1016.11,112.49,45.39,73.27,5.2,0.035,-0.847,Worker Fall / Distress,High Risk,Dispatch Medical Team & Locate Worker via LoRa Beacon
31.35,95,1010,249.59,368.21,38.19,0.05,-0.036,4.823,Toxic Gas / Poor Ventilation,High Risk,Activate Auxiliary Air Scrubbers & Ventilate
22.2,62.95,1016.22,201.55,34.2,60.63,0.16,-0.019,0.501,Normal,Safe,Maintain Regular Monitoring
37.98,40.02,1012.2,595.6,285.91,66.32,0.36,1.592,7.255,Spontaneous Combustion / Fire,High Risk,Dispatch Fire Inspection Team & Seal Airflow
32.88,94.6,1007.55,353.89,531.61,42.14,0.04,0.135,-0.762,Toxic Gas / Poor Ventilation,High Risk,Activate Auxiliary Air Scrubbers & Ventilate
50.56,40.67,1007.51,754.44,227.47,61.67,0.35,2.303,5.427,Spontaneous Combustion / Fire,Critical Danger,Trigger Automated Fire Suppression & Evacuate
29.35,55.44,1009.15,2438.01,157.47,58.98,0.1,0.228,64.85,Methane Accumulation,Critical Danger,Immediate Evacuation & Cut Power Supply
22.16,58.21,1013.27,191.69,95.29,71.6,0.07,-0.088,1.552,Normal,Safe,Maintain Regular Monitoring
21.69,69.52,1012.21,101.42,43.37,40.07,0.22,-0.008,1.718,Normal,Safe,Maintain Regular Monitoring
30.14,87.64,1009.82,244.57,255.29,46.85,0.06,0.141,4.464,Toxic Gas / Poor Ventilation,Moderate Risk,Inspect Ventilation Ducts & Airflow Dampers
32.9,92.55,1007.81,411.86,379.99,48.22,0.13,0.013,-2.476,Toxic Gas / Poor Ventilation,High Risk,Activate Auxiliary Air Scrubbers & Ventilate
49.58,45,1008.96,1068.96,269.7,66.32,0.29,2.381,7.414,Spontaneous Combustion / Fire,Critical Danger,Trigger Automated Fire Suppression & Evacuate
24.85,57.48,1008.55,161,83.29,51.46,0.19,-0.022,-0.795,Normal,Safe,Maintain Regular Monitoring
26.01,63.19,1014.24,187,51.12,67.98,0.09,0.045,2.656,Normal,Safe,Maintain Regular Monitoring
26.41,62.79,1008.92,201.62,71.67,113.71,3.34,0.059,0.879,Roof Fall / Rock Burst Risk,Critical Danger,Immediate Tunnel Evacuation: Structural Collapse Threat
29.76,83.69,1004.45,325.36,539.57,43.29,0.05,0.056,-3.257,Toxic Gas / Poor Ventilation,High Risk,Activate Auxiliary Air Scrubbers & Ventilate
29.13,91.21,1000.39,184.54,510.31,43.81,0.09,-0.085,-0.418,Toxic Gas / Poor Ventilation,High Risk,Activate Auxiliary Air Scrubbers & Ventilate
28.91,61.37,1012.53,226.47,115.24,110.06,5.05,0.007,-0.995,Roof Fall / Rock Burst Risk,Critical Danger,Immediate Tunnel Evacuation: Structural Collapse Threat
49.24,39.63,1004.11,357.8,400.2,60.83,0.2,2.783,4.088,Spontaneous Combustion / Fire,Critical Danger,Trigger Automated Fire Suppression & Evacuate
24.65,58.59,1016.19,150.64,53.38,63.34,0.07,0.063,0.667,Normal,Safe,Maintain Regular Monitoring
21.66,57.99,1012.98,122.81,71.25,63.93,0.22,0.018,-0.498,Normal,Safe,Maintain Regular Monitoring
32.41,93.6,1002.17,432.26,252.28,50.25,0.18,0.122,2.119,Toxic Gas / Poor Ventilation,Moderate Risk,Inspect Ventilation Ducts & Airflow Dampers
36.89,36.11,1007.15,688.84,487.1,69.31,0.29,2.986,11.505,Spontaneous Combustion / Fire,Critical Danger,Trigger Automated Fire Suppression & Evacuate
25.35,58.63,1011.99,112.13,41.19,60.04,0.13,0.03,0.148,Normal,Safe,Maintain Regular Monitoring
21.89,63.63,1016.83,112.55,90.61,62.45,0.17,0.049,1.127,Normal,Safe,Maintain Regular Monitoring
47.9,40.1,1009.66,437.41,507.8,58.98,0.17,2.432,9.637,Spontaneous Combustion / Fire,Critical Danger,Trigger Automated Fire Suppression & Evacuate
25.03,54.28,1013.6,162.19,36.59,51.9,0.13,-0.007,0.347,Normal,Safe,Maintain Regular Monitoring
23.49,47.35,1019.36,113.1,63.82,65.17,0.23,0.115,1.156,Normal,Safe,Maintain Regular Monitoring
37.07,29.96,1010.24,287.46,305.23,82.73,0.16,3.354,10.422,Spontaneous Combustion / Fire,High Risk,Dispatch Fire Inspection Team & Seal Airflow
26.19,61.73,1011.34,110.58,50.16,92.19,3.56,-0.019,-1.085,Roof Fall / Rock Burst Risk,Critical Danger,Immediate Tunnel Evacuation: Structural Collapse Threat
57.77,41.69,1013.42,315.24,221.93,53.26,0.35,2.533,6.108,Spontaneous Combustion / Fire,Critical Danger,Trigger Automated Fire Suppression & Evacuate
19.75,60.38,1013.53,178.95,43.53,51.6,0.07,0.045,-0.142,Normal,Safe,Maintain Regular Monitoring
26.02,73.68,1014.45,93.09,62.45,99.9,4.46,0.008,0.245,Roof Fall / Rock Burst Risk,Critical Danger,Immediate Tunnel Evacuation: Structural Collapse Threat
24.59,59.49,1009.08,113.67,82.9,65.27,0.22,-0.067,0.908,Normal,Safe,Maintain Regular Monitoring
25.01,62.8,1012.1,86.59,45.09,55.94,0.08,0.02,-0.659,Normal,Safe,Maintain Regular Monitoring
28.26,61.09,1008.48,200.46,78.7,102.23,3.02,0.07,2.058,Roof Fall / Rock Burst Risk,Critical Danger,Immediate Tunnel Evacuation: Structural Collapse Threat
39.55,37.43,1017.34,428.59,561.44,79.16,0.16,1.758,9.802,Spontaneous Combustion / Fire,Critical Danger,Trigger Automated Fire Suppression & Evacuate
31.95,85.66,1007.46,388.87,459.91,46.54,0.11,0.192,0.204,Toxic Gas / Poor Ventilation,High Risk,Activate Auxiliary Air Scrubbers & Ventilate
45.22,39.99,1007.86,686.65,352.56,67.99,0.24,2.783,2.239,Spontaneous Combustion / Fire,Critical Danger,Trigger Automated Fire Suppression & Evacuate
48.87,46.83,1009.2,398.25,436.96,69.63,0.32,1.9,7.214,Spontaneous Combustion / Fire,Critical Danger,Trigger Automated Fire Suppression & Evacuate
23.14,61.81,1013.35,56.13,93.26,62.52,0.14,0.04,0.885,Normal,Safe,Maintain Regular Monitoring
27.39,52.38,1009.15,1911.75,93.84,55.48,0.24,0.093,56.159,Methane Accumulation,Critical Danger,Immediate Evacuation & Cut Power Supply
27.96,55.89,1013.41,73.44,54.61,52.62,0.05,0.087,1.919,Normal,Safe,Maintain Regular Monitoring
24.31,67,1018.91,172.98,93.81,52.82,0.06,0.037,0.227,Normal,Safe,Maintain Regular Monitoring
22.94,60.69,1018.15,117.38,108.22,89,4.23,0,-1.35,Worker Fall / Distress,High Risk,Dispatch Medical Team & Locate Worker via LoRa Beacon
26.17,60.2,1008.45,4541.45,106.41,67.54,0.27,0.273,82.595,Methane Accumulation,Critical Danger,Immediate Evacuation & Cut Power Supply
30.75,83.83,1009.78,322.52,280.32,45.06,0.08,0.122,4.796,Toxic Gas / Poor Ventilation,Moderate Risk,Inspect Ventilation Ducts & Airflow Dampers
52.39,32.64,1006.68,594.53,343.81,72.18,0.42,1.8,9.513,Spontaneous Combustion / Fire,Critical Danger,Trigger Automated Fire Suppression & Evacuate
23.73,56.46,1008.53,91.24,78.89,91.71,2.65,0.05,-0.387,Roof Fall / Rock Burst Risk,Critical Danger,Immediate Tunnel Evacuation: Structural Collapse Threat
26.25,64.3,1005.74,3576.78,183.4,65.39,0.27,0.201,60.201,Methane Accumulation,Critical Danger,Immediate Evacuation & Cut Power Supply
47.23,30.4,1002.7,515.25,589.1,67.1,0.35,2.83,10.119,Spontaneous Combustion / Fire,Critical Danger,Trigger Automated Fire Suppression & Evacuate
27.68,59.15,1009.35,4241.1,85.8,70.24,0.27,0.287,32.662,Methane Accumulation,Critical Danger,Immediate Evacuation & Cut Power Supply
24.38,62.36,1013.42,129.33,79.59,52.64,0.22,-0.047,0.754,Normal,Safe,Maintain Regular Monitoring
25.18,73.03,1009.42,229.17,106.37,112.12,2.16,0.102,0.673,Roof Fall / Rock Burst Risk,Critical Danger,Immediate Tunnel Evacuation: Structural Collapse Threat
26.19,57.11,1017.42,193.76,58.17,55.44,0.18,0.029,-0.6,Normal,Safe,Maintain Regular Monitoring
22.99,61.3,1014.12,171.61,29.18,57.54,0.12,0.022,-1.142,Normal,Safe,Maintain Regular Monitoring
47.45,36.81,1005.61,997.93,452.54,60.04,0.44,1.475,2.734,Spontaneous Combustion / Fire,Critical Danger,Trigger Automated Fire Suppression & Evacuate
24.54,66.98,1018.31,134.57,40.81,57.98,0.13,0.073,-1.486,Normal,Safe,Maintain Regular Monitoring
24.29,65.51,1016.95,137.01,93.64,94.89,4.64,-0.011,0.62,Worker Fall / Distress,High Risk,Dispatch Medical Team & Locate Worker via LoRa Beacon
21.48,62.55,1013.44,100.28,50.83,71.69,5.59,0.034,-0.12,Worker Fall / Distress,High Risk,Dispatch Medical Team & Locate Worker via LoRa Beacon
28.83,89.17,1007.96,254.65,337.44,46.7,0.14,0.041,0.092,Toxic Gas / Poor Ventilation,Moderate Risk,Inspect Ventilation Ducts & Airflow Dampers
25.85,66.56,1015.62,2860.13,173.37,57.16,0.32,0.228,48.826,Methane Accumulation,Critical Danger,Immediate Evacuation & Cut Power Supply
24.46,63.24,1008.32,208.91,36.97,46.47,0.21,-0.006,1.702,Normal,Safe,Maintain Regular Monitoring
23.76,60.31,1009.72,76.36,56.84,83.89,4.16,-0.092,-1.228,Worker Fall / Distress,High Risk,Dispatch Medical Team & Locate Worker via LoRa Beacon
22.85,59.48,1007.4,2027.36,108.45,59.39,0.14,0.162,59.443,Methane Accumulation,Critical Danger,Immediate Evacuation & Cut Power Supply
25.72,66.09,1015.91,78.69,125.99,76.17,6.04,0.013,-0.241,Worker Fall / Distress,High Risk,Dispatch Medical Team & Locate Worker via LoRa Beacon
25.02,63.05,1011.51,128.2,66.01,79.43,4.5,0.011,-1.217,Worker Fall / Distress,High Risk,Dispatch Medical Team & Locate Worker via LoRa Beacon
32.84,84.35,1005.64,243.09,381.14,49.15,0.14,-0.03,1.84,Toxic Gas / Poor Ventilation,High Risk,Activate Auxiliary Air Scrubbers & Ventilate
22.96,62.49,1009.41,38.84,45.9,54.26,0.09,0.048,0.339,Normal,Safe,Maintain Regular Monitoring
27.81,56.7,1013.26,2203.23,145.32,57.48,0.15,0.318,19.833,Methane Accumulation,High Risk,Boost Ventilation Fan Speed & Alert Sector
30.34,86.39,1006.92,340.69,331.03,40.08,0.12,0.015,3.364,Toxic Gas / Poor Ventilation,Moderate Risk,Inspect Ventilation Ducts & Airflow Dampers
24,60.31,1010.86,149.03,64.14,63.43,0.21,0.013,-1.22,Normal,Safe,Maintain Regular Monitoring
23.56,64.47,1017.09,43.24,73.03,54.09,0.17,-0.01,-1.16,Normal,Safe,Maintain Regular Monitoring
37.77,30.94,1008.12,1024.2,222.78,66.15,0.3,1.133,5.077,Spontaneous Combustion / Fire,High Risk,Dispatch Fire Inspection Team & Seal Airflow
25.8,74.92,1012.42,188.29,57.59,74.16,6.22,0.05,-1.097,Worker Fall / Distress,High Risk,Dispatch Medical Team & Locate Worker via LoRa Beacon
22.05,60.3,1015.58,251.37,99.03,108.31,4.8,-0.051,0.004,Roof Fall / Rock Burst Risk,Critical Danger,Immediate Tunnel Evacuation: Structural Collapse Threat
52.37,46.38,1003.55,1067.32,424.63,61.77,0.3,1.749,11.095,Spontaneous Combustion / Fire,Critical Danger,Trigger Automated Fire Suppression & Evacuate
27.22,63.99,1011.58,134.4,91.12,51.67,0.24,0.09,1.353,Normal,Safe,Maintain Regular Monitoring
53.71,44.9,1008.05,591.59,529.93,67.09,0.29,2.822,5.57,Spontaneous Combustion / Fire,Critical Danger,Trigger Automated Fire Suppression & Evacuate
22.16,67.93,1012.89,108.98,66.27,88.72,4.79,0.081,-0.884,Worker Fall / Distress,High Risk,Dispatch Medical Team & Locate Worker via LoRa Beacon
19.84,62.3,1016.05,166.77,29.97,59.52,0.22,-0.039,-0.915,Normal,Safe,Maintain Regular Monitoring
27.34,64.03,1014.11,3738.44,162.37,62.48,0.19,0.239,60.393,Methane Accumulation,Critical Danger,Immediate Evacuation & Cut Power Supply
28.48,94.56,1003.6,394.72,413.09,43.51,0.11,-0.012,0.176,Toxic Gas / Poor Ventilation,High Risk,Activate Auxiliary Air Scrubbers & Ventilate
26.83,66.69,1013.28,112.73,74.43,93.63,4.2,0.097,0.771,Roof Fall / Rock Burst Risk,Critical Danger,Immediate Tunnel Evacuation: Structural Collapse Threat
23.84,60.94,1011.72,180.75,108.63,110.68,3.28,0,0.249,Roof Fall / Rock Burst Risk,Critical Danger,Immediate Tunnel Evacuation: Structural Collapse Threat
26.54,60.96,1013.09,134.5,82.6,107.19,3.84,-0.006,-0.902,Roof Fall / Rock Burst Risk,Critical Danger,Immediate Tunnel Evacuation: Structural Collapse Threat
27.7,60.52,1009.42,3860.74,141.01,63.53,0.15,0.312,57.173,Methane Accumulation,Critical Danger,Immediate Evacuation & Cut Power Supply
27.21,77.76,1009.83,92.73,82.79,66.54,0.14,-0.019,1.032,Normal,Safe,Maintain Regular Monitoring
30.43,95.06,998.19,426.79,380.81,42.59,0.14,0.048,-0.092,Toxic Gas / Poor Ventilation,High Risk,Activate Auxiliary Air Scrubbers & Ventilate
30.35,94.89,1005.12,372.2,374.91,39.2,0.18,0.028,5.782,Toxic Gas / Poor Ventilation,High Risk,Activate Auxiliary Air Scrubbers & Ventilate
29.66,88.77,1006.51,278.74,235.46,39.49,0.16,-0.007,-0.22,Toxic Gas / Poor Ventilation,Moderate Risk,Inspect Ventilation Ducts & Airflow Dampers
31.53,92.76,1005.47,185.76,222.4,38.74,0.16,-0.004,3.355,Toxic Gas / Poor Ventilation,Moderate Risk,Inspect Ventilation Ducts & Airflow Dampers
26.57,56.87,1001.68,1007.69,123.89,75.48,0.18,0.384,37.087,Methane Accumulation,High Risk,Boost Ventilation Fan Speed & Alert Sector
26.45,55.1,1008.87,4666.78,186.41,59.39,0.32,0.36,34.964,Methane Accumulation,Critical Danger,Immediate Evacuation & Cut Power Supply
26.6,60.36,1018.45,166.76,100.62,97.59,2.88,0.045,0.17,Roof Fall / Rock Burst Risk,Critical Danger,Immediate Tunnel Evacuation: Structural Collapse Threat
49.43,38.93,1007.3,974.24,477.24,59.39,0.3,1.069,2.16,Spontaneous Combustion / Fire,Critical Danger,Trigger Automated Fire Suppression & Evacuate
24.79,65.97,1009.79,202.96,114.61,107.57,2.23,0.017,1.662,Roof Fall / Rock Burst Risk,Critical Danger,Immediate Tunnel Evacuation: Structural Collapse Threat
25.9,68.81,1011.29,196.76,111.94,109.2,2.25,-0.03,-0.433,Roof Fall / Rock Burst Risk,Critical Danger,Immediate Tunnel Evacuation: Structural Collapse Threat
34.36,92.65,1000.24,205.21,467.19,44.64,0.07,0.134,0.108,Toxic Gas / Poor Ventilation,High Risk,Activate Auxiliary Air Scrubbers & Ventilate
24.7,60.18,1007.18,72.25,78.18,65.07,0.05,-0.076,0.429,Normal,Safe,Maintain Regular Monitoring
25.99,60.48,1008.26,1192.49,134.6,60.35,0.31,0.276,24.359,Methane Accumulation,High Risk,Boost Ventilation Fan Speed & Alert Sector
24.8,64.09,1014.88,95.1,56.68,59.62,0.24,0.05,-0.208,Normal,Safe,Maintain Regular Monitoring
52.25,29.28,1004.75,508.82,672.16,62.55,0.34,2.738,11.766,Spontaneous Combustion / Fire,Critical Danger,Trigger Automated Fire Suppression & Evacuate
26.68,59.53,1016.36,78.84,88.22,48.43,0.2,0.098,-1.337,Normal,Safe,Maintain Regular Monitoring
30.26,57.76,1007.03,1513.68,112.58,46.88,0.2,0.212,76.904,Methane Accumulation,Critical Danger,Immediate Evacuation & Cut Power Supply
39.34,39.96,1007.78,815.03,412.89,62.85,0.3,0.82,8.917,Spontaneous Combustion / Fire,Critical Danger,Trigger Automated Fire Suppression & Evacuate
27.48,60.59,1013.5,112.04,64.32,56.54,0.17,0.044,0.958,Normal,Safe,Maintain Regular Monitoring
46.05,37.5,1011.09,578.14,664.68,64.4,0.41,2.098,2.688,Spontaneous Combustion / Fire,Critical Danger,Trigger Automated Fire Suppression & Evacuate
24.94,51.01,1017.16,204.48,63.86,43.83,0.14,0.026,-0.019,Normal,Safe,Maintain Regular Monitoring
25.93,60.51,1012.46,99.11,52.33,52.09,0.24,-0.028,-1.095,Normal,Safe,Maintain Regular Monitoring
34.24,88.44,1004.76,362.9,544.46,38.7,0.05,-0.028,2.965,Toxic Gas / Poor Ventilation,High Risk,Activate Auxiliary Air Scrubbers & Ventilate
26.8,53.35,1002.76,957.07,164.02,77.48,0.1,0.24,45.299,Methane Accumulation,High Risk,Boost Ventilation Fan Speed & Alert Sector
24.97,53.46,1021.11,127.14,82.42,55.07,0.14,0.048,0.792,Normal,Safe,Maintain Regular Monitoring
24.82,54.09,1004.12,2449.63,189.86,62.88,0.12,0.137,25.816,Methane Accumulation,High Risk,Boost Ventilation Fan Speed & Alert Sector
25.99,49.73,1009.43,95.65,64.26,120.86,5.01,-0.035,0.998,Roof Fall / Rock Burst Risk,Critical Danger,Immediate Tunnel Evacuation: Structural Collapse Threat
21.15,62.23,1014.88,49.02,66.83,56.95,0.16,-0.07,-0.911,Normal,Safe,Maintain Regular Monitoring
57.5,45.07,1008.83,673.58,497.49,69.71,0.36,2.191,11.903,Spontaneous Combustion / Fire,Critical Danger,Trigger Automated Fire Suppression & Evacuate
21.76,54.15,1017.27,177.3,46.9,63.61,0.15,0.003,0.927,Normal,Safe,Maintain Regular Monitoring
26.96,67.37,1011.56,90.76,39.24,37.57,0.24,0.05,1.79,Normal,Safe,Maintain Regular Monitoring
39.07,39.38,1010.74,987.78,488.23,62.15,0.18,2.036,5.945,Spontaneous Combustion / Fire,Critical Danger,Trigger Automated Fire Suppression & Evacuate
55.08,32.88,1014.99,1071.72,660.74,62.75,0.42,3.41,6.434,Spontaneous Combustion / Fire,Critical Danger,Trigger Automated Fire Suppression & Evacuate
43.06,38.52,1005.64,834.6,345.8,67.08,0.26,1.652,6.91,Spontaneous Combustion / Fire,High Risk,Dispatch Fire Inspection Team & Seal Airflow
23.95,58.97,1010.24,135.7,117.99,101.98,3.31,0.022,0.246,Roof Fall / Rock Burst Risk,Critical Danger,Immediate Tunnel Evacuation: Structural Collapse Threat
26.95,58.34,1014.28,81.26,100.92,71.6,5.17,0.076,-0.824,Worker Fall / Distress,High Risk,Dispatch Medical Team & Locate Worker via LoRa Beacon
28.37,59.17,1012.82,1709.47,86.05,57.47,0.26,0.088,53.136,Methane Accumulation,Critical Danger,Immediate Evacuation & Cut Power Supply
23.81,58.6,1010.96,113.1,72.84,47.56,0.13,-0.012,1.378,Normal,Safe,Maintain Regular Monitoring
24.61,61.68,1012.13,219.99,108.67,116.73,3.02,-0.06,-0.927,Roof Fall / Rock Burst Risk,Critical Danger,Immediate Tunnel Evacuation: Structural Collapse Threat
26.53,62.77,1012.19,34.46,70.49,50.42,0.21,0.072,-0.059,Normal,Safe,Maintain Regular Monitoring
23.42,65.59,1012.39,4750.11,97.02,70.67,0.33,0.36,25.945,Methane Accumulation,Critical Danger,Immediate Evacuation & Cut Power Supply
25.26,69.78,1012.6,89.07,68.51,60.73,0.18,-0.013,0.533,Normal,Safe,Maintain Regular Monitoring
24.41,54.09,1010.38,130.09,49.74,44.96,0.08,-0.01,0.881,Normal,Safe,Maintain Regular Monitoring
26.62,68.49,1010.77,214.54,115.09,84.43,5.33,0.014,1.718,Worker Fall / Distress,High Risk,Dispatch Medical Team & Locate Worker via LoRa Beacon
28.24,90.95,995.03,174.43,357.9,42.1,0.12,0.082,-0.543,Toxic Gas / Poor Ventilation,High Risk,Activate Auxiliary Air Scrubbers & Ventilate
24,66.19,1012.24,164.11,48.54,110.08,4.75,0.052,0.626,Roof Fall / Rock Burst Risk,Critical Danger,Immediate Tunnel Evacuation: Structural Collapse Threat
29.22,57.56,1005.53,2370.98,183.16,70.98,0.28,0.237,22.875,Methane Accumulation,High Risk,Boost Ventilation Fan Speed & Alert Sector
22.88,66.73,1009.01,231.82,48.74,54.01,0.05,0.074,1.631,Normal,Safe,Maintain Regular Monitoring
25.38,67.36,1010.56,164.02,93.24,60.08,0.06,0.074,-0.048,Normal,Safe,Maintain Regular Monitoring
23.83,71.24,1012.89,123.39,83.41,61.25,0.16,0.002,-2.162,Normal,Safe,Maintain Regular Monitoring
43.82,41.65,1014.39,477.92,365.21,74.62,0.19,2.57,2.398,Spontaneous Combustion / Fire,High Risk,Dispatch Fire Inspection Team & Seal Airflow
27,65.32,1011.62,162.67,46.16,110.81,4.59,0.049,-0.266,Roof Fall / Rock Burst Risk,Critical Danger,Immediate Tunnel Evacuation: Structural Collapse Threat
54.45,45.54,1004.7,456.7,473.26,66.51,0.25,2.275,2.914,Spontaneous Combustion / Fire,Critical Danger,Trigger Automated Fire Suppression & Evacuate
26.62,64.4,1017.69,76.8,31.28,61.9,0.05,0.035,0.615,Normal,Safe,Maintain Regular Monitoring
23.52,61.77,1014.98,143.91,93.67,76.86,3.29,0.037,1.399,Worker Fall / Distress,High Risk,Dispatch Medical Team & Locate Worker via LoRa Beacon
28.11,66.6,1008.83,143.45,50.09,92.42,4.1,0.035,-0.946,Roof Fall / Rock Burst Risk,Critical Danger,Immediate Tunnel Evacuation: Structural Collapse Threat
38.32,44.26,1011.63,741.94,504.41,72.95,0.4,0.952,9.475,Spontaneous Combustion / Fire,Critical Danger,Trigger Automated Fire Suppression & Evacuate
54.72,33.72,1013.43,794.38,364.51,59.64,0.36,1.275,4.354,Spontaneous Combustion / Fire,Critical Danger,Trigger Automated Fire Suppression & Evacuate
27.57,65.18,1007.95,1686.27,87.31,62.03,0.33,0.362,25.263,Methane Accumulation,High Risk,Boost Ventilation Fan Speed & Alert Sector
22.27,65.38,1014.62,142.1,76.53,43.84,0.13,-0.028,-1.123,Normal,Safe,Maintain Regular Monitoring
23.83,62.48,1007.14,4388.47,82.42,65.04,0.26,0.195,81.2,Methane Accumulation,Critical Danger,Immediate Evacuation & Cut Power Supply
25.98,58.07,1015.17,113.89,64.3,91.16,2.29,0.003,-0.713,Roof Fall / Rock Burst Risk,Critical Danger,Immediate Tunnel Evacuation: Structural Collapse Threat
23.75,63.72,1014.25,74.54,33.91,61.45,0.18,0.119,0.998,Normal,Safe,Maintain Regular Monitoring
26.36,69.34,1016.12,145.71,89.56,62.2,0.25,0.057,-0.265,Normal,Safe,Maintain Regular Monitoring
24.89,60.48,1012.54,164.87,48.85,51.41,0.2,0.027,0.362,Normal,Safe,Maintain Regular Monitoring
22.9,66.26,1012.82,202.7,66.36,60.24,0.19,0.016,0.139,Normal,Safe,Maintain Regular Monitoring
32.39,84.05,1002.85,345.68,347.77,46.34,0.06,0.102,2.584,Toxic Gas / Poor Ventilation,Moderate Risk,Inspect Ventilation Ducts & Airflow Dampers
23.86,68.26,1008.31,253.78,113.27,105.1,4.5,-0.014,-0.099,Roof Fall / Rock Burst Risk,Critical Danger,Immediate Tunnel Evacuation: Structural Collapse Threat
28.62,56.49,1005,2201.79,187.77,60.23,0.26,0.081,84.032,Methane Accumulation,Critical Danger,Immediate Evacuation & Cut Power Supply
23.96,59.17,1015.69,69.17,62.97,53.87,0.19,0.08,-0.423,Normal,Safe,Maintain Regular Monitoring
28.09,68.18,1002.48,1129.25,113.38,63.14,0.22,0.201,72.124,Methane Accumulation,Critical Danger,Immediate Evacuation & Cut Power Supply
29.75,58.11,1011.71,2473.22,142.52,63.83,0.26,0.091,21.549,Methane Accumulation,High Risk,Boost Ventilation Fan Speed & Alert Sector
24.04,58.33,1011.19,175.8,30.46,53.41,0.2,0.072,0.567,Normal,Safe,Maintain Regular Monitoring
26.38,66.88,996.65,879.48,120.72,58.37,0.28,0.373,31.311,Methane Accumulation,High Risk,Boost Ventilation Fan Speed & Alert Sector
27.71,67.57,1005.33,3330.72,169.59,56.14,0.2,0.26,61.849,Methane Accumulation,Critical Danger,Immediate Evacuation & Cut Power Supply
45.86,37.76,1008.62,423.62,508.33,53.88,0.32,3.275,10.008,Spontaneous Combustion / Fire,Critical Danger,Trigger Automated Fire Suppression & Evacuate
45.92,42.37,1000.09,748.3,446.49,66.87,0.22,3.27,5.354,Spontaneous Combustion / Fire,Critical Danger,Trigger Automated Fire Suppression & Evacuate
22.03,62.23,1015.07,146.61,55.05,56.48,0.14,-0.02,-0.33,Normal,Safe,Maintain Regular Monitoring
28.38,58.06,1003.37,4510.01,155.25,66.47,0.12,-0.062,83.92,Methane Accumulation,Critical Danger,Immediate Evacuation & Cut Power Supply
50.66,33.71,1006.77,1070.96,300.4,69.42,0.34,1.463,9.176,Spontaneous Combustion / Fire,Critical Danger,Trigger Automated Fire Suppression & Evacuate
28.39,66.63,1011.45,1160.58,109.71,64.01,0.16,0.29,29.846,Methane Accumulation,High Risk,Boost Ventilation Fan Speed & Alert Sector
29.67,85.94,1009.52,273.34,289.67,38.28,0.16,0.043,1.486,Toxic Gas / Poor Ventilation,Moderate Risk,Inspect Ventilation Ducts & Airflow Dampers
43.45,28.14,1013.33,374.62,293.45,71.69,0.39,2.464,2.449,Spontaneous Combustion / Fire,High Risk,Dispatch Fire Inspection Team & Seal Airflow
21.81,66.8,1017.06,181.6,55.41,58.53,0.2,0.068,0.454,Normal,Safe,Maintain Regular Monitoring
23.4,64.96,1014.43,102.73,103.84,62.11,0.18,0.022,0.172,Normal,Safe,Maintain Regular Monitoring
56.51,41.32,1002.88,674.12,253.22,82.79,0.36,2.159,9.651,Spontaneous Combustion / Fire,Critical Danger,Trigger Automated Fire Suppression & Evacuate
22.36,61.75,1010.06,203.04,65.9,55.2,0.18,0.058,-0.249,Normal,Safe,Maintain Regular Monitoring
53.99,47.58,999.15,890.45,280.94,68.9,0.31,2.275,2.895,Spontaneous Combustion / Fire,Critical Danger,Trigger Automated Fire Suppression & Evacuate
27.76,63.46,1011.29,269.94,51.6,88,3.53,-0.02,-1.497,Worker Fall / Distress,High Risk,Dispatch Medical Team & Locate Worker via LoRa Beacon
53.36,32.67,1014.48,793.32,328.41,72.7,0.19,3.14,7.936,Spontaneous Combustion / Fire,Critical Danger,Trigger Automated Fire Suppression & Evacuate
27.77,58.8,1003.88,1485.4,154.04,58.77,0.23,0.227,72.024,Methane Accumulation,Critical Danger,Immediate Evacuation & Cut Power Supply
56.6,38.27,1010.18,585.06,610.17,72.45,0.3,2.074,6.903,Spontaneous Combustion / Fire,Critical Danger,Trigger Automated Fire Suppression & Evacuate
27.56,61.75,1001.24,2793.12,138.73,54.17,0.16,0.193,38.383,Methane Accumulation,Critical Danger,Immediate Evacuation & Cut Power Supply
38.35,32.78,1015.09,1056.89,360.35,66.95,0.24,0.895,5.231,Spontaneous Combustion / Fire,High Risk,Dispatch Fire Inspection Team & Seal Airflow
21.84,77.9,1017.5,145.57,80.26,94.14,4.45,-0.043,-0.811,Worker Fall / Distress,High Risk,Dispatch Medical Team & Locate Worker via LoRa Beacon
30.17,58.45,1010.65,933.54,120.27,54.56,0.29,0.276,29.349,Methane Accumulation,High Risk,Boost Ventilation Fan Speed & Alert Sector
20.21,62.87,1013.24,269.86,71.73,88.07,4.25,-0.001,-1.329,Worker Fall / Distress,High Risk,Dispatch Medical Team & Locate Worker via LoRa Beacon
28.57,84.74,1007.72,313.45,301.71,47.83,0.13,0.034,0.243,Toxic Gas / Poor Ventilation,Moderate Risk,Inspect Ventilation Ducts & Airflow Dampers
24.76,62.25,1017.67,96.33,50.64,56.49,0.07,0.1,1.323,Normal,Safe,Maintain Regular Monitoring
24.25,67.83,1014.79,121.16,85.5,51.63,0.15,0.044,3.306,Normal,Safe,Maintain Regular Monitoring
24.08,62.55,1015.05,150.54,43.59,53.34,0.11,0.033,-0.324,Normal,Safe,Maintain Regular Monitoring
22.07,61.62,1008.15,113.92,85.12,73.46,0.16,0.088,-0.044,Normal,Safe,Maintain Regular Monitoring
23.61,66.34,1008.15,78.91,43.65,57.67,0.18,-0.02,-0.523,Normal,Safe,Maintain Regular Monitoring
25.95,67.16,1010.58,117.68,45.8,111.91,3.17,0.019,0.836,Roof Fall / Rock Burst Risk,Critical Danger,Immediate Tunnel Evacuation: Structural Collapse Threat
23.02,55.9,1011.49,133.17,29.57,48.28,0.2,-0.002,0.953,Normal,Safe,Maintain Regular Monitoring
22.02,54.75,1014.34,165.78,38.32,53.35,0.18,-0.006,2.09,Normal,Safe,Maintain Regular Monitoring
32.05,94.76,999.91,263.61,496.67,47.02,0.13,0.067,4.327,Toxic Gas / Poor Ventilation,High Risk,Activate Auxiliary Air Scrubbers & Ventilate
25.05,64.94,1017.44,84.88,40.01,47.26,0.12,0.013,0.439,Normal,Safe,Maintain Regular Monitoring
31.85,90.67,1004.01,349.05,494.34,41.02,0.06,0.035,1.376,Toxic Gas / Poor Ventilation,High Risk,Activate Auxiliary Air Scrubbers & Ventilate
25.2,62,1012.33,152.56,63.78,62.2,0.18,-0.017,-1.102,Normal,Safe,Maintain Regular Monitoring
23.81,64.17,1013.92,192.1,78.02,46.66,0.22,0.044,0.416,Normal,Safe,Maintain Regular Monitoring
22.73,63.24,1013.57,137.55,109.45,117.96,2.99,0.005,0.422,Roof Fall / Rock Burst Risk,Critical Danger,Immediate Tunnel Evacuation: Structural Collapse Threat
42.85,43.66,1008.56,626.26,443.22,64.12,0.28,1.816,5.673,Spontaneous Combustion / Fire,Critical Danger,Trigger Automated Fire Suppression & Evacuate
31.68,93.32,1010.23,258.53,388.25,47.39,0.08,0.073,0.706,Toxic Gas / Poor Ventilation,High Risk,Activate Auxiliary Air Scrubbers & Ventilate
26.13,72.18,1011.34,191.26,80.76,106.56,3.02,0.013,0.085,Roof Fall / Rock Burst Risk,Critical Danger,Immediate Tunnel Evacuation: Structural Collapse Threat
31.27,82.74,1007.27,161.27,453.84,45.53,0.11,0.115,-0.696,Toxic Gas / Poor Ventilation,High Risk,Activate Auxiliary Air Scrubbers & Ventilate
23.74,59.73,1007.81,88.77,77.18,57.93,0.13,0.011,0.108,Normal,Safe,Maintain Regular Monitoring
24.6,63.42,1011.53,146.99,90.06,57.97,0.14,0.028,0.978,Normal,Safe,Maintain Regular Monitoring
24.88,60.32,1011.44,161.98,86.57,100.13,2.36,-0.054,1.488,Roof Fall / Rock Burst Risk,Critical Danger,Immediate Tunnel Evacuation: Structural Collapse Threat
32.65,86.74,1005.06,430.66,520.15,40.93,0.05,0.108,2.077,Toxic Gas / Poor Ventilation,High Risk,Activate Auxiliary Air Scrubbers & Ventilate
26.79,79.37,1018.56,193.74,106.84,76.99,5.06,-0.034,-0.17,Worker Fall / Distress,High Risk,Dispatch Medical Team & Locate Worker via LoRa Beacon
25.37,64.97,1012.28,4763.04,103.35,45.4,0.21,0.198,74.987,Methane Accumulation,Critical Danger,Immediate Evacuation & Cut Power Supply
28.46,62.11,1009.37,1086.06,176.63,59.83,0.18,0.213,80.848,Methane Accumulation,Critical Danger,Immediate Evacuation & Cut Power Supply
21.03,63.31,1010.73,234.18,71.68,94.77,3.24,0.04,-0.005,Roof Fall / Rock Burst Risk,Critical Danger,Immediate Tunnel Evacuation: Structural Collapse Threat
24.56,70.04,1013.14,62.79,41.15,53.68,0.24,-0.019,1.567,Normal,Safe,Maintain Regular Monitoring
28.97,68.91,1016.63,194.91,89.74,72.87,3.62,0.004,-1.733,Worker Fall / Distress,High Risk,Dispatch Medical Team & Locate Worker via LoRa Beacon
28.15,92.12,1005.89,159.75,412.39,45.55,0.18,-0.009,0.947,Toxic Gas / Poor Ventilation,High Risk,Activate Auxiliary Air Scrubbers & Ventilate
29.41,61.1,1010.51,1605.41,143.85,59.78,0.2,0.188,33.566,Methane Accumulation,High Risk,Boost Ventilation Fan Speed & Alert Sector
24.31,65.57,1012.39,128.25,104.92,89.88,3.63,0.038,1.391,Roof Fall / Rock Burst Risk,Critical Danger,Immediate Tunnel Evacuation: Structural Collapse Threat
25.97,69.31,1012.1,101.07,82.25,92.31,3.81,0.042,2.539,Roof Fall / Rock Burst Risk,Critical Danger,Immediate Tunnel Evacuation: Structural Collapse Threat
23.9,65.23,1013.16,131.95,66.3,50.59,0.09,-0.063,0.191,Normal,Safe,Maintain Regular Monitoring
29.55,92.93,1004.72,210.35,237.22,44.64,0.04,0.062,1.196,Toxic Gas / Poor Ventilation,Moderate Risk,Inspect Ventilation Ducts & Airflow Dampers
27.87,65.06,1009.57,2858.49,97.95,65.63,0.31,0.156,29.826,Methane Accumulation,Critical Danger,Immediate Evacuation & Cut Power Supply
33.55,84.62,1002.77,170,549.51,38.35,0.16,0.133,0.185,Toxic Gas / Poor Ventilation,High Risk,Activate Auxiliary Air Scrubbers & Ventilate
26.13,62.62,1012.83,161.67,99.12,49.89,0.09,0.018,-1.606,Normal,Safe,Maintain Regular Monitoring
28.6,89.83,1000.33,282.62,323.6,45.31,0.12,0.051,-0.763,Toxic Gas / Poor Ventilation,Moderate Risk,Inspect Ventilation Ducts & Airflow Dampers
29.81,54.05,1005.79,3128.9,88.58,72.95,0.24,0.1,42.052,Methane Accumulation,Critical Danger,Immediate Evacuation & Cut Power Supply
27.3,52.02,1014.58,98.28,59.04,56.07,0.24,0.002,0.757,Normal,Safe,Maintain Regular Monitoring
32.68,87.74,1002.46,207.32,478.77,44.36,0.08,0.047,3.059,Toxic Gas / Poor Ventilation,High Risk,Activate Auxiliary Air Scrubbers & Ventilate
23.89,57.77,1015.98,72.61,67.03,69.29,0.12,0.061,0.626,Normal,Safe,Maintain Regular Monitoring
27,65.62,1013.38,106.02,48.63,49.93,0.12,0.052,2.642,Normal,Safe,Maintain Regular Monitoring
25.03,63.65,1009.21,176.42,88.67,90.46,3.77,0.03,0.958,Worker Fall / Distress,High Risk,Dispatch Medical Team & Locate Worker via LoRa Beacon
29.52,68.04,1008.83,219.78,87.22,85.98,4.32,-0.013,0.18,Worker Fall / Distress,High Risk,Dispatch Medical Team & Locate Worker via LoRa Beacon
37.88,37,1012.93,892.9,585.3,74.8,0.23,1.909,10.986,Spontaneous Combustion / Fire,Critical Danger,Trigger Automated Fire Suppression & Evacuate
55.72,41.71,1009.95,980.13,260.84,65.19,0.2,1.446,6.18,Spontaneous Combustion / Fire,Critical Danger,Trigger Automated Fire Suppression & Evacuate
28.63,55.09,1003.46,1383.17,105.54,48.98,0.19,0.402,67.252,Methane Accumulation,Critical Danger,Immediate Evacuation & Cut Power Supply
24.99,64.09,1016.77,67.65,43.93,51.71,0.1,0.038,1.662,Normal,Safe,Maintain Regular Monitoring
25.15,53.94,1019.54,93.39,91.75,48.44,0.05,-0.054,-1.015,Normal,Safe,Maintain Regular Monitoring
47.96,29.45,1007.76,825.48,589.48,72.61,0.32,2.8,8.619,Spontaneous Combustion / Fire,Critical Danger,Trigger Automated Fire Suppression & Evacuate
27.24,61.38,1013.79,214.17,70.32,98.29,3.36,-0.059,2.214,Roof Fall / Rock Burst Risk,Critical Danger,Immediate Tunnel Evacuation: Structural Collapse Threat
26.12,67.82,1009.06,228.27,108.56,102.11,2.1,-0.05,-0.147,Roof Fall / Rock Burst Risk,Critical Danger,Immediate Tunnel Evacuation: Structural Collapse Threat
26.95,60.27,1017.72,96.14,66.99,91.05,5.07,-0.047,0.02,Roof Fall / Rock Burst Risk,Critical Danger,Immediate Tunnel Evacuation: Structural Collapse Threat
26.97,57.08,1011.85,156.58,62.06,45.34,0.16,-0.015,-0.147,Normal,Safe,Maintain Regular Monitoring
26.49,61.54,1012.77,4796.87,104.42,55.83,0.14,0.15,34.963,Methane Accumulation,Critical Danger,Immediate Evacuation & Cut Power Supply
23.88,65.85,1010.04,127.35,47.02,65.05,0.25,0.012,-0.084,Normal,Safe,Maintain Regular Monitoring
46.6,38.06,1013.98,993.54,651.81,61.61,0.39,3.097,7.505,Spontaneous Combustion / Fire,Critical Danger,Trigger Automated Fire Suppression & Evacuate
25.92,65.37,1001.47,2696.18,104.27,54.76,0.34,0.137,51.877,Methane Accumulation,Critical Danger,Immediate Evacuation & Cut Power Supply
28.4,83.55,1003.83,215.82,367.88,44.07,0.15,0.011,4.178,Toxic Gas / Poor Ventilation,High Risk,Activate Auxiliary Air Scrubbers & Ventilate
24.52,53.25,1003.62,1780.49,181.9,61.46,0.31,0.184,51.423,Methane Accumulation,Critical Danger,Immediate Evacuation & Cut Power Supply
27.84,65.04,1011.53,90.13,50.96,60.05,0.23,0.021,0.02,Normal,Safe,Maintain Regular Monitoring
22.65,56.61,1014.33,201.26,58.05,61.55,0.11,-0.054,0.788,Normal,Safe,Maintain Regular Monitoring
26.47,54.54,1012.93,150.71,54.37,107.65,5.06,-0.024,0.206,Roof Fall / Rock Burst Risk,Critical Danger,Immediate Tunnel Evacuation: Structural Collapse Threat
49.64,34.8,1009.28,413.91,307.91,75.83,0.38,1.517,9.672,Spontaneous Combustion / Fire,Critical Danger,Trigger Automated Fire Suppression & Evacuate
23.36,56.77,1015.25,207.86,38.55,52.62,0.15,0.066,0.391,Normal,Safe,Maintain Regular Monitoring
24.18,65.28,1016.09,186.94,26.38,44.36,0.1,-0.046,1.452,Normal,Safe,Maintain Regular Monitoring
25.84,65.8,1004.19,256.01,56.05,95.32,2.79,-0.011,-0.215,Roof Fall / Rock Burst Risk,Critical Danger,Immediate Tunnel Evacuation: Structural Collapse Threat
22.47,63.08,1015.5,123.23,62.98,54.39,0.18,-0.004,1.671,Normal,Safe,Maintain Regular Monitoring
30.24,83.31,1010.6,278.13,253.78,51.27,0.11,0.137,-0.496,Toxic Gas / Poor Ventilation,Moderate Risk,Inspect Ventilation Ducts & Airflow Dampers
21.07,63.89,1012.88,201.14,43.76,107.25,4.4,0.02,-0.173,Roof Fall / Rock Burst Risk,Critical Danger,Immediate Tunnel Evacuation: Structural Collapse Threat
23.6,61.15,1018.11,132.15,63.37,55.5,0.16,0.022,1.135,Normal,Safe,Maintain Regular Monitoring
24.29,55.13,1016.1,67.39,78.04,46.53,0.17,0.013,0.346,Normal,Safe,Maintain Regular Monitoring
23.37,51.83,1016.8,239.68,114.51,89.28,3.33,0.008,-1.382,Worker Fall / Distress,High Risk,Dispatch Medical Team & Locate Worker via LoRa Beacon
26.03,65.05,1003.8,1471.62,73.73,41.75,0.34,0.121,20.837,Methane Accumulation,High Risk,Boost Ventilation Fan Speed & Alert Sector
25.43,60.81,1010.91,3484.8,179.39,71.56,0.11,0.048,28.074,Methane Accumulation,Critical Danger,Immediate Evacuation & Cut Power Supply
33.82,92.73,1000.04,310.07,210.08,41.38,0.07,-0.07,2.507,Toxic Gas / Poor Ventilation,Moderate Risk,Inspect Ventilation Ducts & Airflow Dampers
23.46,59.86,1010.17,181.02,117.91,76.03,3.46,0.065,-0.749,Worker Fall / Distress,High Risk,Dispatch Medical Team & Locate Worker via LoRa Beacon
28.29,66.26,1011.52,69.62,128.59,79.59,3.7,0.125,-1.232,Worker Fall / Distress,High Risk,Dispatch Medical Team & Locate Worker via LoRa Beacon
26.9,72.45,1017.01,160.23,106.89,97.01,3.33,0.091,0.669,Roof Fall / Rock Burst Risk,Critical Danger,Immediate Tunnel Evacuation: Structural Collapse Threat
26.02,67.97,1004.11,4533.96,115.97,65.25,0.28,0.305,51.908,Methane Accumulation,Critical Danger,Immediate Evacuation & Cut Power Supply
24.44,61.85,1015.53,135.48,44.73,55.19,0.19,0.055,-0.036,Normal,Safe,Maintain Regular Monitoring
25.67,61.86,1012.28,169.56,52.39,94.22,3.04,0.089,-0.884,Roof Fall / Rock Burst Risk,Critical Danger,Immediate Tunnel Evacuation: Structural Collapse Threat
37.64,38.07,1011.04,791.79,476.09,59.08,0.37,1.706,9.651,Spontaneous Combustion / Fire,Critical Danger,Trigger Automated Fire Suppression & Evacuate
25.71,43.57,1012.74,2073.9,80.3,74.32,0.12,0.222,23.897,Methane Accumulation,High Risk,Boost Ventilation Fan Speed & Alert Sector
30.5,90.29,1007.01,400.67,224.84,41.31,0.16,0.059,1.918,Toxic Gas / Poor Ventilation,Moderate Risk,Inspect Ventilation Ducts & Airflow Dampers
24.16,61.48,1012.56,182.16,83.33,52.73,0.15,0.029,0.003,Normal,Safe,Maintain Regular Monitoring
28.71,60.91,1008.38,4323.88,119.2,53.61,0.22,0.183,37.715,Methane Accumulation,Critical Danger,Immediate Evacuation & Cut Power Supply
23.91,61.58,1013.72,118.95,64,58.67,0.18,0.04,-0.473,Normal,Safe,Maintain Regular Monitoring
27.73,55.56,1011.46,4537.69,156.4,55.74,0.21,0.271,58.247,Methane Accumulation,Critical Danger,Immediate Evacuation & Cut Power Supply
23.89,63.16,1015.56,132.52,63.82,44.54,0.2,0.109,-0.966,Normal,Safe,Maintain Regular Monitoring
26.43,67.06,1008.15,88.14,60.02,60.24,0.2,0.017,-0.607,Normal,Safe,Maintain Regular Monitoring
24.51,54.61,1011.74,168.25,71.48,63,0.15,0.079,2.984,Normal,Safe,Maintain Regular Monitoring
46.7,38.1,1011.58,710.5,280.3,64.73,0.38,3.318,11.473,Spontaneous Combustion / Fire,Critical Danger,Trigger Automated Fire Suppression & Evacuate
23.1,62.29,1008.98,248.12,54.69,96.59,3.18,0.012,1.455,Roof Fall / Rock Burst Risk,Critical Danger,Immediate Tunnel Evacuation: Structural Collapse Threat
46.04,31.42,1008.26,477.13,454.19,70.32,0.32,2.73,11.377,Spontaneous Combustion / Fire,Critical Danger,Trigger Automated Fire Suppression & Evacuate
22.38,61.74,1010.87,132.55,120.56,94.3,6.04,-0.008,-0.025,Worker Fall / Distress,High Risk,Dispatch Medical Team & Locate Worker via LoRa Beacon
25.82,59.55,999.92,2720.07,143.58,66.39,0.32,0.123,72.36,Methane Accumulation,Critical Danger,Immediate Evacuation & Cut Power Supply
27.92,52.98,1014,66.57,42.58,57.17,0.23,0.036,1.041,Normal,Safe,Maintain Regular Monitoring
30.24,89.73,1003.95,165.15,224.92,48.09,0.1,-0.011,-0.208,Toxic Gas / Poor Ventilation,Moderate Risk,Inspect Ventilation Ducts & Airflow Dampers
23.69,55.93,1006.58,102.22,91.93,55.26,0.14,0.001,1.359,Normal,Safe,Maintain Regular Monitoring
25.53,63,1015.88,72.86,52.64,85.56,3.89,0.097,3.09,Worker Fall / Distress,High Risk,Dispatch Medical Team & Locate Worker via LoRa Beacon
25,62.58,1013.03,189.38,37.91,47.53,0.25,0.019,0.446,Normal,Safe,Maintain Regular Monitoring
21.92,73.35,1007.93,90.97,78.73,76.87,6.13,-0.026,0.853,Worker Fall / Distress,High Risk,Dispatch Medical Team & Locate Worker via LoRa Beacon
24.55,64.58,1010.26,47.24,94.84,53.09,0.14,-0.058,3.9,Normal,Safe,Maintain Regular Monitoring
32.92,82.95,1002.7,371.45,274.31,46.03,0.07,0.001,-3.369,Toxic Gas / Poor Ventilation,Moderate Risk,Inspect Ventilation Ducts & Airflow Dampers
27.55,65.09,1002.9,2957.79,183.28,74.79,0.22,0.114,50.88,Methane Accumulation,Critical Danger,Immediate Evacuation & Cut Power Supply
24.18,54.81,1017.55,285.75,69.64,71.06,4.84,-0.013,-1.257,Worker Fall / Distress,High Risk,Dispatch Medical Team & Locate Worker via LoRa Beacon
24.8,63.89,1015.29,138.93,61.89,54.25,0.17,-0.097,1.824,Normal,Safe,Maintain Regular Monitoring
38.19,40.08,1015.05,352.82,256.2,50.95,0.33,1.041,6.31,Spontaneous Combustion / Fire,High Risk,Dispatch Fire Inspection Team & Seal Airflow
26.71,76.01,1013.8,138.1,48.53,94.4,4.14,0.093,-0.946,Worker Fall / Distress,High Risk,Dispatch Medical Team & Locate Worker via LoRa Beacon
23.47,61.75,1009.25,1837.11,77.87,67.33,0.27,0.01,40.453,Methane Accumulation,High Risk,Boost Ventilation Fan Speed & Alert Sector
40.77,41.39,1015.06,1075.07,300.83,57.8,0.28,1.486,10.251,Spontaneous Combustion / Fire,High Risk,Dispatch Fire Inspection Team & Seal Airflow
28.73,78.64,1009.02,134.86,54.54,90.92,4.23,0.034,-0.779,Roof Fall / Rock Burst Risk,Critical Danger,Immediate Tunnel Evacuation: Structural Collapse Threat
24.24,49.21,999.11,1247.45,107.16,57.86,0.27,0.076,47.207,Methane Accumulation,High Risk,Boost Ventilation Fan Speed & Alert Sector
40.26,32.21,1013.36,269.59,632.5,63.4,0.23,1.144,8.393,Spontaneous Combustion / Fire,Critical Danger,Trigger Automated Fire Suppression & Evacuate
37.65,30.68,1007.56,798.04,376.24,71.42,0.23,2.557,3.163,Spontaneous Combustion / Fire,High Risk,Dispatch Fire Inspection Team & Seal Airflow
31.75,88.12,1012.07,230.36,415.36,50.2,0.18,-0.068,4.345,Toxic Gas / Poor Ventilation,High Risk,Activate Auxiliary Air Scrubbers & Ventilate
23.17,57.83,1006.4,201.84,46.94,45.88,0.22,0.08,2.387,Normal,Safe,Maintain Regular Monitoring
26.34,59.33,1005.71,137.65,63.43,50.95,0.08,0.011,-2.979,Normal,Safe,Maintain Regular Monitoring
29.18,59.59,1013.52,203.83,112.67,72.73,4.51,-0.004,0.798,Worker Fall / Distress,High Risk,Dispatch Medical Team & Locate Worker via LoRa Beacon
34.03,83.1,997.51,171.77,499.11,40.98,0.13,0.15,1.323,Toxic Gas / Poor Ventilation,High Risk,Activate Auxiliary Air Scrubbers & Ventilate
28.29,60.49,1000.99,3246.42,181.65,55.11,0.31,0.225,72.44,Methane Accumulation,Critical Danger,Immediate Evacuation & Cut Power Supply
42.28,32.78,1006.86,918.93,245.94,68.72,0.32,2.767,5.548,Spontaneous Combustion / Fire,High Risk,Dispatch Fire Inspection Team & Seal Airflow
20.33,68.79,1018.58,129.89,39.36,53.25,0.15,0,1.091,Normal,Safe,Maintain Regular Monitoring
26,58.99,1016.7,106.42,31.85,55.82,0.08,0.021,1.344,Normal,Safe,Maintain Regular Monitoring
25.94,61.54,1008.47,2465.26,149.44,79.67,0.21,0.141,28.204,Methane Accumulation,High Risk,Boost Ventilation Fan Speed & Alert Sector
33.48,65.37,1010.41,3471.98,83.61,68.36,0.28,0.298,79.391,Methane Accumulation,Critical Danger,Immediate Evacuation & Cut Power Supply
37.21,44.41,1010,282.04,388.9,59.85,0.37,0.823,3.686,Spontaneous Combustion / Fire,High Risk,Dispatch Fire Inspection Team & Seal Airflow
24.75,70.27,1015.07,215.96,61.69,66.95,0.13,0.04,0.699,Normal,Safe,Maintain Regular Monitoring
29.37,67.99,1014.26,274.74,50.58,94.76,3.89,0.047,-1.223,Worker Fall / Distress,High Risk,Dispatch Medical Team & Locate Worker via LoRa Beacon
25.77,57.58,1011.15,220.86,56.91,85.62,4.31,0.032,-0.664,Worker Fall / Distress,High Risk,Dispatch Medical Team & Locate Worker via LoRa Beacon
22.95,56.82,1010.26,160.71,65.64,113.31,5.1,0.054,0.011,Roof Fall / Rock Burst Risk,Critical Danger,Immediate Tunnel Evacuation: Structural Collapse Threat
48.45,31.14,1010.48,803.02,629.26,81.7,0.28,3.233,9.507,Spontaneous Combustion / Fire,Critical Danger,Trigger Automated Fire Suppression & Evacuate
28.99,60.62,1012.25,106.69,60.69,51.48,0.14,-0.016,-0.115,Normal,Safe,Maintain Regular Monitoring
32.82,89.2,1002.54,327.54,234.56,40.06,0.05,-0.032,2.177,Toxic Gas / Poor Ventilation,Moderate Risk,Inspect Ventilation Ducts & Airflow Dampers
26.46,68.14,1014.91,200.49,78.16,109.84,1.93,0.062,0.766,Roof Fall / Rock Burst Risk,Critical Danger,Immediate Tunnel Evacuation: Structural Collapse Threat
20.47,62.03,1015.79,154.34,92.53,50.85,0.16,0.024,1.731,Normal,Safe,Maintain Regular Monitoring
31.62,90.09,1005.2,334.47,374.02,39.31,0.15,0.108,-0.671,Toxic Gas / Poor Ventilation,High Risk,Activate Auxiliary Air Scrubbers & Ventilate
30.14,93.73,1009.39,171.71,509.58,41.59,0.12,0.065,1.906,Toxic Gas / Poor Ventilation,High Risk,Activate Auxiliary Air Scrubbers & Ventilate
29.27,60.38,1008.16,299.2,107.57,86.12,4.37,-0.045,1.549,Worker Fall / Distress,High Risk,Dispatch Medical Team & Locate Worker via LoRa Beacon
25.64,70.11,1012.4,86.02,69.34,96.06,3.32,0.021,0.16,Roof Fall / Rock Burst Risk,Critical Danger,Immediate Tunnel Evacuation: Structural Collapse Threat
48.19,46.62,1009.43,1043.63,469.5,61.9,0.31,1.181,2.008,Spontaneous Combustion / Fire,Critical Danger,Trigger Automated Fire Suppression & Evacuate
28.41,61.37,1010.5,1160.86,142.45,53.19,0.14,0.11,47.437,Methane Accumulation,High Risk,Boost Ventilation Fan Speed & Alert Sector
27.66,57.96,1013.06,237.99,67.24,86.56,3.72,-0.038,0.385,Worker Fall / Distress,High Risk,Dispatch Medical Team & Locate Worker via LoRa Beacon
30.98,85.46,1001.62,414.52,513.22,40.75,0.13,0.121,0.594,Toxic Gas / Poor Ventilation,High Risk,Activate Auxiliary Air Scrubbers & Ventilate
23.11,66.75,1017.01,148.04,29.42,55.19,0.19,0.111,-0.463,Normal,Safe,Maintain Regular Monitoring
22.44,67.45,1011.49,174.22,37.8,54.9,0.12,0.054,2.093,Normal,Safe,Maintain Regular Monitoring
31.42,57.82,1002.27,3426.44,157.26,58.09,0.17,0.138,17.647,Methane Accumulation,Critical Danger,Immediate Evacuation & Cut Power Supply
28.86,95.81,1002.13,182.1,454.62,49.96,0.08,0.022,-1.965,Toxic Gas / Poor Ventilation,High Risk,Activate Auxiliary Air Scrubbers & Ventilate
24.06,54.94,1012.33,285.73,121.53,84.17,4.37,-0.066,-1.773,Worker Fall / Distress,High Risk,Dispatch Medical Team & Locate Worker via LoRa Beacon
23.85,70.56,1015.33,46.94,36.31,52.63,0.23,0.012,-0.952,Normal,Safe,Maintain Regular Monitoring
49.33,41.84,1013.37,733.07,422.17,65.86,0.17,2.055,10.207,Spontaneous Combustion / Fire,Critical Danger,Trigger Automated Fire Suppression & Evacuate
29.25,62.32,1003.84,903.88,106.39,61.87,0.27,0.133,49.696,Methane Accumulation,High Risk,Boost Ventilation Fan Speed & Alert Sector
27.39,54.22,1007.25,115.52,52.27,74.92,3.38,-0.074,1.023,Worker Fall / Distress,High Risk,Dispatch Medical Team & Locate Worker via LoRa Beacon
34.81,84.71,999.94,152.54,495.33,38.45,0.17,-0.06,1.176,Toxic Gas / Poor Ventilation,High Risk,Activate Auxiliary Air Scrubbers & Ventilate
31.81,91.15,1008.9,266.12,430.06,38.63,0.05,0.223,-2.723,Toxic Gas / Poor Ventilation,High Risk,Activate Auxiliary Air Scrubbers & Ventilate
25.99,63.36,1001.58,2430.61,88.06,54.58,0.23,0.173,49.343,Methane Accumulation,High Risk,Boost Ventilation Fan Speed & Alert Sector
29.74,62.8,1011.16,2787.29,100.92,63.54,0.16,0.296,33.838,Methane Accumulation,Critical Danger,Immediate Evacuation & Cut Power Supply
23.68,68.42,1016.33,119.98,68.9,48.29,0.07,0.009,-0.627,Normal,Safe,Maintain Regular Monitoring
26.9,66.64,1011.39,194.68,71.53,61.04,0.1,0.021,-0.767,Normal,Safe,Maintain Regular Monitoring
32.1,87.03,996.08,342.3,516.43,40.29,0.09,0.018,1.688,Toxic Gas / Poor Ventilation,High Risk,Activate Auxiliary Air Scrubbers & Ventilate
33.1,95.05,1001.05,233.66,533.07,38.89,0.12,0.213,1.716,Toxic Gas / Poor Ventilation,High Risk,Activate Auxiliary Air Scrubbers & Ventilate
24.3,66.59,1009.68,172.43,93.85,70.77,4.11,-0.019,-0.078,Worker Fall / Distress,High Risk,Dispatch Medical Team & Locate Worker via LoRa Beacon
23.86,58.76,1013.26,277.4,86.46,73.84,6.24,0.041,0.901,Worker Fall / Distress,High Risk,Dispatch Medical Team & Locate Worker via LoRa Beacon
51.6,32.01,1012.33,436.76,421.79,60.85,0.38,2.917,6.533,Spontaneous Combustion / Fire,Critical Danger,Trigger Automated Fire Suppression & Evacuate
26.01,66.18,1008.43,129.32,65.19,91.97,2.73,0.037,-0.022,Roof Fall / Rock Burst Risk,Critical Danger,Immediate Tunnel Evacuation: Structural Collapse Threat
21.4,70.75,1015.38,82.98,123.03,84.21,4.4,-0.041,0.857,Worker Fall / Distress,High Risk,Dispatch Medical Team & Locate Worker via LoRa Beacon
32.85,82.56,1004.26,341.01,285.22,47.48,0.15,0.147,5.649,Toxic Gas / Poor Ventilation,Moderate Risk,Inspect Ventilation Ducts & Airflow Dampers
23.55,66.79,1012.88,138.67,58.97,52.05,0.22,-0.051,0.667,Normal,Safe,Maintain Regular Monitoring
23.91,56.77,1012.49,3386.73,99.48,63.42,0.12,0.176,33.997,Methane Accumulation,Critical Danger,Immediate Evacuation & Cut Power Supply
23.78,66.65,1011.9,85.2,80.86,58.74,0.13,-0.038,-0.365,Normal,Safe,Maintain Regular Monitoring
31.95,58.77,1007.94,287.68,55.28,94.14,3.25,0.037,-2.077,Worker Fall / Distress,High Risk,Dispatch Medical Team & Locate Worker via LoRa Beacon
45.88,39.41,1009.18,620.25,410.83,74.29,0.4,1.475,8.095,Spontaneous Combustion / Fire,Critical Danger,Trigger Automated Fire Suppression & Evacuate
26.52,52.96,1016.75,124.42,41.76,56.89,0.18,-0.014,0.294,Normal,Safe,Maintain Regular Monitoring
48.89,47.52,1013.84,702.46,636.45,82.4,0.39,3.468,5.889,Spontaneous Combustion / Fire,Critical Danger,Trigger Automated Fire Suppression & Evacuate
37.04,44.02,1004.97,763.72,311.33,79.91,0.38,2.149,5.052,Spontaneous Combustion / Fire,High Risk,Dispatch Fire Inspection Team & Seal Airflow
26.93,50.46,1005.34,3737.86,99.06,62.93,0.17,0.071,59.023,Methane Accumulation,Critical Danger,Immediate Evacuation & Cut Power Supply
25.09,57.93,1012.1,187.37,69.15,56.84,0.19,0.012,-0.269,Normal,Safe,Maintain Regular Monitoring
57.2,38.78,1007.72,848,516.63,65.45,0.26,3.368,2.222,Spontaneous Combustion / Fire,Critical Danger,Trigger Automated Fire Suppression & Evacuate
27.98,58.63,1003.45,2960.17,168.86,55.43,0.13,0.257,41.947,Methane Accumulation,Critical Danger,Immediate Evacuation & Cut Power Supply
23.28,70.76,1010.6,253.3,50.13,102.3,3.44,-0.049,-1.139,Roof Fall / Rock Burst Risk,Critical Danger,Immediate Tunnel Evacuation: Structural Collapse Threat
27.27,58.04,1002.62,4073.33,166.31,59.75,0.22,0.296,35.171,Methane Accumulation,Critical Danger,Immediate Evacuation & Cut Power Supply
29.65,92.23,999.42,162.1,242.22,38.1,0.06,-0.011,0.077,Toxic Gas / Poor Ventilation,Moderate Risk,Inspect Ventilation Ducts & Airflow Dampers
41.3,46.72,1002.12,992.38,401.7,70.35,0.25,1.36,5.778,Spontaneous Combustion / Fire,Critical Danger,Trigger Automated Fire Suppression & Evacuate
42.97,41.55,1012.16,306.01,307.99,56.23,0.27,3.33,5.773,Spontaneous Combustion / Fire,High Risk,Dispatch Fire Inspection Team & Seal Airflow
32.65,85.57,1001.6,202.2,468.66,38.22,0.12,0.011,1.259,Toxic Gas / Poor Ventilation,High Risk,Activate Auxiliary Air Scrubbers & Ventilate
22.24,49.02,1010.46,2015.68,158.01,60.05,0.12,0.229,77.846,Methane Accumulation,Critical Danger,Immediate Evacuation & Cut Power Supply
25.75,51.86,1010.54,146.86,62.99,46.56,0.21,-0.023,0.73,Normal,Safe,Maintain Regular Monitoring
27.78,64.16,1014.82,88.18,67.44,49.47,0.18,0.042,-1.144,Normal,Safe,Maintain Regular Monitoring
27.13,62.71,1015.81,95.41,54.68,113.79,1.87,0.03,-1.023,Roof Fall / Rock Burst Risk,Critical Danger,Immediate Tunnel Evacuation: Structural Collapse Threat
49.45,41.92,1014.99,541.1,269.66,69.02,0.31,2.804,7.097,Spontaneous Combustion / Fire,Critical Danger,Trigger Automated Fire Suppression & Evacuate
23.59,54.71,1007.76,84.76,66.84,121.18,4.77,0.046,-1.54,Roof Fall / Rock Burst Risk,Critical Danger,Immediate Tunnel Evacuation: Structural Collapse Threat
24.14,67.84,1014.7,167.96,37.5,51.03,0.22,0.097,2.006,Normal,Safe,Maintain Regular Monitoring
23.27,66.1,1010.35,63.82,40.49,48.86,0.13,-0.143,1.935,Normal,Safe,Maintain Regular Monitoring
21.7,69.83,1015.42,172.89,80.25,54.91,0.19,0.006,-1.183,Normal,Safe,Maintain Regular Monitoring
26.78,66.67,1010.74,4022.15,121.82,73.22,0.3,0.27,49.046,Methane Accumulation,Critical Danger,Immediate Evacuation & Cut Power Supply
46.18,43.7,1009.79,948.34,475.06,67.07,0.44,2.833,10.112,Spontaneous Combustion / Fire,Critical Danger,Trigger Automated Fire Suppression & Evacuate
24.36,59.79,1005.96,3404.15,169.6,50.95,0.18,0.222,34.735,Methane Accumulation,Critical Danger,Immediate Evacuation & Cut Power Supply
25.7,60.27,1009.5,1373.79,98.01,58.73,0.21,0.359,46.313,Methane Accumulation,High Risk,Boost Ventilation Fan Speed & Alert Sector
33.53,90.66,1005.41,183.93,263.15,44.12,0.1,0.091,4.101,Toxic Gas / Poor Ventilation,Moderate Risk,Inspect Ventilation Ducts & Airflow Dampers
22.45,60.06,1014.4,107.46,65.93,49.03,0.22,0.017,-1.542,Normal,Safe,Maintain Regular Monitoring
25.38,61.13,1004.85,4638.98,155.88,63.63,0.3,0.272,46.494,Methane Accumulation,Critical Danger,Immediate Evacuation & Cut Power Supply
28.29,67.84,1011.99,185,83.07,103.45,2.51,-0.085,0.393,Roof Fall / Rock Burst Risk,Critical Danger,Immediate Tunnel Evacuation: Structural Collapse Threat
27.73,59.77,1005.38,1377.39,75.75,45.6,0.29,0.351,25.49,Methane Accumulation,High Risk,Boost Ventilation Fan Speed & Alert Sector
48.58,33.07,1011.44,443.85,225.3,65.25,0.19,3.462,5.086,Spontaneous Combustion / Fire,Critical Danger,Trigger Automated Fire Suppression & Evacuate
28.91,84.79,1001.95,326.31,231.77,50.07,0.17,0.025,-2.191,Toxic Gas / Poor Ventilation,Moderate Risk,Inspect Ventilation Ducts & Airflow Dampers
25.09,64.3,1007.26,109.64,98.86,80.41,3.79,-0.03,0.623,Worker Fall / Distress,High Risk,Dispatch Medical Team & Locate Worker via LoRa Beacon
27.76,65.29,1016.45,64.1,100.51,57.26,0.13,-0.027,0.366,Normal,Safe,Maintain Regular Monitoring
25.75,70,1010.11,298.95,62.74,80.92,4.92,-0.036,-0.924,Worker Fall / Distress,High Risk,Dispatch Medical Team & Locate Worker via LoRa Beacon
24.49,58.71,1009.54,1186.54,148.01,67.62,0.26,0.214,80.249,Methane Accumulation,Critical Danger,Immediate Evacuation & Cut Power Supply
24.35,66.68,1015.53,49.82,42.19,53.11,0.14,0.033,-1,Normal,Safe,Maintain Regular Monitoring
27.42,55.62,1000.89,2071.83,103.68,68.2,0.17,0.218,27.987,Methane Accumulation,High Risk,Boost Ventilation Fan Speed & Alert Sector
28.28,70.62,1008.65,120.53,126.03,93.08,4.71,0.058,-0.163,Worker Fall / Distress,High Risk,Dispatch Medical Team & Locate Worker via LoRa Beacon
29.37,53.04,1006.98,2534.3,134.49,61.63,0.3,0.161,62.603,Methane Accumulation,Critical Danger,Immediate Evacuation & Cut Power Supply
25.81,63.21,1013.32,180.42,61.03,52.59,0.23,0.072,0.403,Normal,Safe,Maintain Regular Monitoring
48.89,41.48,1011.99,588.35,456.27,75.6,0.39,1.809,5.881,Spontaneous Combustion / Fire,Critical Danger,Trigger Automated Fire Suppression & Evacuate
24.96,58.49,1008.05,149.73,41.39,57.91,0.22,0.061,0.898,Normal,Safe,Maintain Regular Monitoring
29.78,56.86,1008.07,112.91,50.2,49.47,0.22,0.03,-0.094,Normal,Safe,Maintain Regular Monitoring
23.62,56.87,1012.92,178.88,86.54,45.96,0.14,0.037,1.09,Normal,Safe,Maintain Regular Monitoring
28.22,62.79,1015.66,173.9,54.66,57.48,0.15,-0.028,2.674,Normal,Safe,Maintain Regular Monitoring
25.79,64.13,1012.7,107.47,78.33,47.2,0.23,0.061,0.303,Normal,Safe,Maintain Regular Monitoring
26.66,62.04,1013.37,94.44,90.93,48.21,0.18,-0.061,-0.337,Normal,Safe,Maintain Regular Monitoring
53.8,44.01,1017.87,763.62,600.49,61.65,0.28,1.544,4.65,Spontaneous Combustion / Fire,Critical Danger,Trigger Automated Fire Suppression & Evacuate
20.27,70.36,1010.61,170.9,42.01,47.17,0.1,-0.071,1.925,Normal,Safe,Maintain Regular Monitoring
27.55,50.37,1011.79,195.63,55.86,54.47,0.15,0.12,2.701,Normal,Safe,Maintain Regular Monitoring
32.95,84.48,1008,434.15,256.22,44.97,0.07,0.002,0.654,Toxic Gas / Poor Ventilation,Moderate Risk,Inspect Ventilation Ducts & Airflow Dampers
26.13,62.65,1005,2958.22,87.26,65.09,0.18,0.082,55.984,Methane Accumulation,Critical Danger,Immediate Evacuation & Cut Power Supply
42.94,29.74,1007.77,613.82,522.81,64.04,0.23,0.833,7.189,Spontaneous Combustion / Fire,Critical Danger,Trigger Automated Fire Suppression & Evacuate
25.3,62.51,1010.82,172.09,87.75,60.72,0.1,0.022,-1.571,Normal,Safe,Maintain Regular Monitoring
24.54,70.47,1013.65,184.09,44.69,66.08,0.23,0.024,1.951,Normal,Safe,Maintain Regular Monitoring
25.76,63.76,1007.25,177.67,49.26,53.19,0.19,-0.047,-0.046,Normal,Safe,Maintain Regular Monitoring
22.07,57.51,1014.85,85.52,60.46,54.73,0.13,0.105,2.354,Normal,Safe,Maintain Regular Monitoring
21.62,52.46,1013.27,129.07,40.87,49.97,0.09,-0.015,-0.147,Normal,Safe,Maintain Regular Monitoring
23.2,56.37,1013.08,38.59,78.37,55.33,0.08,0.049,1.215,Normal,Safe,Maintain Regular Monitoring
24.02,57.1,1011.62,87.65,69.12,54.3,0.08,-0.014,1.896,Normal,Safe,Maintain Regular Monitoring
26.42,55.57,1009.93,159.89,78.88,51.21,0.23,-0.005,2.557,Normal,Safe,Maintain Regular Monitoring
24.93,58.35,1003.68,2732.65,161.63,62.16,0.16,0.225,63.066,Methane Accumulation,Critical Danger,Immediate Evacuation & Cut Power Supply
24.48,60.57,1016.65,176.24,78.47,62.75,0.19,-0.044,-1.653,Normal,Safe,Maintain Regular Monitoring
29.17,48.97,1011.59,1181.3,189.14,59.06,0.26,0.27,38.03,Methane Accumulation,High Risk,Boost Ventilation Fan Speed & Alert Sector
24.07,55.99,1004.01,3695.64,131.38,47.97,0.34,0.2,55.896,Methane Accumulation,Critical Danger,Immediate Evacuation & Cut Power Supply
23.82,69.58,1012.7,123.55,110.1,88.65,4.29,0.018,0.737,Roof Fall / Rock Burst Risk,Critical Danger,Immediate Tunnel Evacuation: Structural Collapse Threat
23.46,61.61,1013.02,63.19,69.51,54.69,0.09,0.026,-0.332,Normal,Safe,Maintain Regular Monitoring
25.22,75.86,1012.9,190.81,41.02,111.64,3.22,0.021,2.139,Roof Fall / Rock Burst Risk,Critical Danger,Immediate Tunnel Evacuation: Structural Collapse Threat
43.71,46.34,1012.98,363.88,528.9,60.12,0.21,2.38,6.429,Spontaneous Combustion / Fire,Critical Danger,Trigger Automated Fire Suppression & Evacuate
21.82,61.89,1013.03,198.91,80.07,51.21,0.1,0.005,0.165,Normal,Safe,Maintain Regular Monitoring
28.98,86.51,1004.99,323.58,235.53,51.21,0.09,0.054,1.154,Toxic Gas / Poor Ventilation,Moderate Risk,Inspect Ventilation Ducts & Airflow Dampers
26.48,73.51,1016.38,210.89,89.84,94.66,5.62,0.067,0.438,Worker Fall / Distress,High Risk,Dispatch Medical Team & Locate Worker via LoRa Beacon
25.09,73.22,1005.02,211.45,56.13,55.64,0.22,-0.002,0.873,Normal,Safe,Maintain Regular Monitoring
22.47,56.22,1014.17,70.43,46.05,58.01,0.17,-0.029,-0.337,Normal,Safe,Maintain Regular Monitoring
34.25,87.45,1005.97,244.01,367.2,43.46,0.16,0.034,1.871,Toxic Gas / Poor Ventilation,High Risk,Activate Auxiliary Air Scrubbers & Ventilate
25.71,66.28,1007.11,228.34,40.43,107.2,2.95,0.032,1.318,Roof Fall / Rock Burst Risk,Critical Danger,Immediate Tunnel Evacuation: Structural Collapse Threat
22.04,63.64,1016.37,196.47,50.65,55.18,0.18,0.007,2.343,Normal,Safe,Maintain Regular Monitoring
25.58,58.44,1013.55,54.26,38.51,64.63,0.12,-0.084,1.55,Normal,Safe,Maintain Regular Monitoring
29.68,67.06,1004.91,3412.35,146.49,59.92,0.27,0.203,41.323,Methane Accumulation,Critical Danger,Immediate Evacuation & Cut Power Supply
23.98,63.21,1005.61,2732.44,105.53,53.14,0.23,0.205,65.744,Methane Accumulation,Critical Danger,Immediate Evacuation & Cut Power Supply
45.59,40.6,1013.03,539.49,358.53,67.54,0.32,1.574,5.67,Spontaneous Combustion / Fire,Critical Danger,Trigger Automated Fire Suppression & Evacuate
32.45,58.68,1007.49,1259.91,167.55,62.82,0.17,0.17,76.008,Methane Accumulation,Critical Danger,Immediate Evacuation & Cut Power Supply
23.13,59.1,998.53,3078.99,83.74,64.83,0.35,0.013,64.715,Methane Accumulation,Critical Danger,Immediate Evacuation & Cut Power Supply
23.17,69.31,1010.7,161.77,97.56,91.65,4.68,-0.024,0.887,Roof Fall / Rock Burst Risk,Critical Danger,Immediate Tunnel Evacuation: Structural Collapse Threat
23.72,57.79,1011.77,117.08,67.25,58.75,0.21,-0.008,0.569,Normal,Safe,Maintain Regular Monitoring
25.8,53.13,1011.05,77.26,92.02,58.16,0.13,-0.141,0.975,Normal,Safe,Maintain Regular Monitoring
25.07,55.6,1012.93,156.12,81.37,100.58,4.32,0.029,0.887,Roof Fall / Rock Burst Risk,Critical Danger,Immediate Tunnel Evacuation: Structural Collapse Threat
33.06,84.86,1007.96,251.39,369.75,42.63,0.15,-0.018,0.194,Toxic Gas / Poor Ventilation,High Risk,Activate Auxiliary Air Scrubbers & Ventilate
27.54,59.66,1010.19,2560.24,78.52,51.28,0.22,0.212,76.047,Methane Accumulation,Critical Danger,Immediate Evacuation & Cut Power Supply
42.36,29.72,1016.64,1046.08,393.97,77.62,0.25,2.734,3.354,Spontaneous Combustion / Fire,High Risk,Dispatch Fire Inspection Team & Seal Airflow
25.15,58.21,1011.86,195.21,86.66,70.04,0.14,0.107,0.16,Normal,Safe,Maintain Regular Monitoring
22.95,60.95,1008.13,4554.17,173.46,61.34,0.26,0.299,77.655,Methane Accumulation,Critical Danger,Immediate Evacuation & Cut Power Supply
44.64,47.24,1016.21,853.33,657.27,57.65,0.22,2.815,7.208,Spontaneous Combustion / Fire,Critical Danger,Trigger Automated Fire Suppression & Evacuate
26.08,58.33,1019.14,111.32,54.39,65.2,0.09,0.021,1.177,Normal,Safe,Maintain Regular Monitoring
23.44,69.78,1009.86,102.17,64.35,73.71,0.08,-0.044,0.482,Normal,Safe,Maintain Regular Monitoring
30.28,66.47,1011.23,3369.83,162.3,60.45,0.19,0.174,33.967,Methane Accumulation,Critical Danger,Immediate Evacuation & Cut Power Supply
25,57.02,1010.4,186.88,41.85,56.75,0.05,0.089,-1.801,Normal,Safe,Maintain Regular Monitoring
21.85,63.68,1010.99,179.04,34.68,59.32,0.24,0.111,3.026,Normal,Safe,Maintain Regular Monitoring
22.32,65.77,1013.08,82.77,81.53,60,0.24,0.028,0.323,Normal,Safe,Maintain Regular Monitoring
23.32,66.37,1013.44,202.64,59.45,60.43,0.13,0.009,0.291,Normal,Safe,Maintain Regular Monitoring
27.59,70.43,1012.21,132.09,51.56,61.54,0.19,0.074,1.536,Normal,Safe,Maintain Regular Monitoring
31.42,88.3,1004.94,209.81,314.6,38.59,0.13,-0.016,-1.118,Toxic Gas / Poor Ventilation,Moderate Risk,Inspect Ventilation Ducts & Airflow Dampers
52.96,34.54,1007.69,908.63,279.66,64.4,0.29,2.169,8.874,Spontaneous Combustion / Fire,Critical Danger,Trigger Automated Fire Suppression & Evacuate
49.93,44.21,1009.85,488.11,287.17,67.34,0.24,1.636,7.219,Spontaneous Combustion / Fire,Critical Danger,Trigger Automated Fire Suppression & Evacuate
22.76,71.7,1009.22,132.25,83.3,88.81,2.07,0.06,0.835,Roof Fall / Rock Burst Risk,Critical Danger,Immediate Tunnel Evacuation: Structural Collapse Threat
26.76,57.27,1008.98,4192.96,157.88,71.43,0.2,0.241,30.505,Methane Accumulation,Critical Danger,Immediate Evacuation & Cut Power Supply
29.8,65.62,1020.31,225.23,89.85,56.81,0.24,0.006,-0.057,Normal,Safe,Maintain Regular Monitoring
46.89,44.93,1015.86,368.12,336.11,68.24,0.37,1.245,5.514,Spontaneous Combustion / Fire,Critical Danger,Trigger Automated Fire Suppression & Evacuate
41.83,35,1006.85,721.97,265.97,77.94,0.39,1.799,8.485,Spontaneous Combustion / Fire,High Risk,Dispatch Fire Inspection Team & Seal Airflow
23.25,67.4,1012.81,157.17,54.59,120.04,4.37,0.046,-0.417,Roof Fall / Rock Burst Risk,Critical Danger,Immediate Tunnel Evacuation: Structural Collapse Threat
24.78,63.58,1011.77,3874.85,122.94,55.71,0.15,0.35,59.287,Methane Accumulation,Critical Danger,Immediate Evacuation & Cut Power Supply
28.07,59.78,1016.82,180.95,35.66,60.41,0.22,0.004,-0.455,Normal,Safe,Maintain Regular Monitoring
24.05,63.57,1012.25,198.38,81.05,55.47,0.13,-0.011,-0.558,Normal,Safe,Maintain Regular Monitoring
33.55,63.24,1010.27,3146.4,163.69,66.76,0.15,0.189,63.672,Methane Accumulation,Critical Danger,Immediate Evacuation & Cut Power Supply
45.01,45.53,1009.36,503.28,225.46,72.7,0.26,2.244,10.766,Spontaneous Combustion / Fire,Critical Danger,Trigger Automated Fire Suppression & Evacuate
56.07,33.32,1004,642.82,472.61,73.47,0.26,0.822,2.093,Spontaneous Combustion / Fire,Critical Danger,Trigger Automated Fire Suppression & Evacuate
25.18,54.62,995.88,939.15,152.43,66.11,0.18,0.023,26.699,Methane Accumulation,High Risk,Boost Ventilation Fan Speed & Alert Sector
21.44,62.04,1007.78,182.02,54.16,86.77,5.69,0.008,-0.082,Worker Fall / Distress,High Risk,Dispatch Medical Team & Locate Worker via LoRa Beacon
37.56,39.96,1006.54,474.74,462.71,73.65,0.31,2.374,6.017,Spontaneous Combustion / Fire,Critical Danger,Trigger Automated Fire Suppression & Evacuate
24.56,65.88,1011.75,127.52,44.32,48.62,0.11,0.071,1.757,Normal,Safe,Maintain Regular Monitoring
22.8,57.89,1014.81,61.59,54.19,49.2,0.11,0.079,3.034,Normal,Safe,Maintain Regular Monitoring
22.95,60.38,1012.1,189.21,79.62,47.58,0.19,0.084,2.139,Normal,Safe,Maintain Regular Monitoring
24.4,62.13,1015.88,130.41,85.69,52.84,0.07,0.051,0.095,Normal,Safe,Maintain Regular Monitoring
23.37,68.14,1014.58,203.1,21.43,48.64,0.18,-0.005,-0.006,Normal,Safe,Maintain Regular Monitoring
18.71,64.79,1012.93,103.76,66.8,53.89,0.14,0.053,0.747,Normal,Safe,Maintain Regular Monitoring
23.1,58,1011.7,134.55,75.69,47.94,0.14,0.043,0.786,Normal,Safe,Maintain Regular Monitoring
27.71,53.89,1010.34,155.53,37.11,60.87,0.07,0.015,1.719,Normal,Safe,Maintain Regular Monitoring
30.93,88.17,1003.39,340.27,473.32,38.47,0.12,0.008,-1.151,Toxic Gas / Poor Ventilation,High Risk,Activate Auxiliary Air Scrubbers & Ventilate
23.72,51.4,1010.99,71.65,35.22,54.76,0.07,0.09,2.079,Normal,Safe,Maintain Regular Monitoring
30.86,60.28,1012.74,1135.47,152.88,64.47,0.23,0.047,58.458,Methane Accumulation,Critical Danger,Immediate Evacuation & Cut Power Supply
24.69,59.94,1011.97,4107.66,118.26,60.88,0.18,0.147,65.256,Methane Accumulation,Critical Danger,Immediate Evacuation & Cut Power Supply
23.19,59.63,1008.57,92.15,124.94,90.11,3.8,0.008,-1.735,Worker Fall / Distress,High Risk,Dispatch Medical Team & Locate Worker via LoRa Beacon
22.48,62.26,1017.61,65.33,54.51,54.75,0.12,-0.098,-0.174,Normal,Safe,Maintain Regular Monitoring
24.14,67.14,1010.67,4064.63,129.22,67.3,0.27,0.118,32.239,Methane Accumulation,Critical Danger,Immediate Evacuation & Cut Power Supply
25.99,66.02,1009.46,166.12,46.44,79.74,5.65,0.03,-1.573,Worker Fall / Distress,High Risk,Dispatch Medical Team & Locate Worker via LoRa Beacon
32.17,94.21,1000.79,164.27,341.06,40.22,0.14,0.074,-0.463,Toxic Gas / Poor Ventilation,Moderate Risk,Inspect Ventilation Ducts & Airflow Dampers
30,84.78,1003.5,295.08,380.36,42.5,0.06,0.046,4.01,Toxic Gas / Poor Ventilation,High Risk,Activate Auxiliary Air Scrubbers & Ventilate
22.56,62.81,1017.69,143.84,35.99,50.18,0.15,-0.017,1.277,Normal,Safe,Maintain Regular Monitoring
24.66,64.66,1009.77,172.87,49.04,59.27,0.21,-0.028,2.722,Normal,Safe,Maintain Regular Monitoring
44.53,31.2,1008.54,588.43,486.79,53.52,0.3,0.865,5.13,Spontaneous Combustion / Fire,Critical Danger,Trigger Automated Fire Suppression & Evacuate
25.22,66.31,1015.89,168.14,65.7,77.45,4.46,-0.103,-1.181,Worker Fall / Distress,High Risk,Dispatch Medical Team & Locate Worker via LoRa Beacon
54.62,36.54,1004.67,881.98,464.71,70.06,0.39,2.908,4.15,Spontaneous Combustion / Fire,Critical Danger,Trigger Automated Fire Suppression & Evacuate
51.74,44,1006.4,252.24,427.42,64.61,0.26,2.298,3.88,Spontaneous Combustion / Fire,Critical Danger,Trigger Automated Fire Suppression & Evacuate
23.74,65.13,1012.87,119.34,40.12,51.8,0.19,0.009,2.351,Normal,Safe,Maintain Regular Monitoring
26.99,68.51,1010.5,113.51,50.05,92.7,4.34,0.032,1.693,Roof Fall / Rock Burst Risk,Critical Danger,Immediate Tunnel Evacuation: Structural Collapse Threat
24.21,65.09,1017.57,155.37,79.15,51.06,0.06,0.07,0.265,Normal,Safe,Maintain Regular Monitoring
25.48,61.9,1010.27,173.37,41.39,59.52,0.08,0.027,0.203,Normal,Safe,Maintain Regular Monitoring
27.67,67.79,1010.67,4744.81,91.65,56.29,0.14,0.318,44.496,Methane Accumulation,Critical Danger,Immediate Evacuation & Cut Power Supply
26.66,68.63,1008.66,2426.48,143.85,62.1,0.19,0.358,80.652,Methane Accumulation,Critical Danger,Immediate Evacuation & Cut Power Supply
22.95,69.71,1013.93,65.27,23.89,55.71,0.05,-0.064,0.624,Normal,Safe,Maintain Regular Monitoring
21.39,65.77,1013.59,166.8,80.31,52.92,0.19,0.006,2.203,Normal,Safe,Maintain Regular Monitoring
52.25,40.5,1011.03,1088.42,465.45,73.67,0.44,2.681,7.96,Spontaneous Combustion / Fire,Critical Danger,Trigger Automated Fire Suppression & Evacuate
23.2,51.21,1011.31,123.15,77.67,54.83,0.21,-0.051,3.619,Normal,Safe,Maintain Regular Monitoring
52.96,41.23,1003.97,597.94,631.89,65.97,0.37,2.99,10.59,Spontaneous Combustion / Fire,Critical Danger,Trigger Automated Fire Suppression & Evacuate
25.3,58.82,1014.24,115.3,73.5,68.31,0.24,0.023,0.627,Normal,Safe,Maintain Regular Monitoring
25.72,59.65,1012.51,1160.18,137.26,54.6,0.31,0.155,51.512,Methane Accumulation,Critical Danger,Immediate Evacuation & Cut Power Supply
56.53,44.12,1005.31,1024.18,300.31,65.76,0.24,2.195,4.634,Spontaneous Combustion / Fire,Critical Danger,Trigger Automated Fire Suppression & Evacuate
25.31,55.38,1017.46,136.09,47.62,60.79,0.24,0.028,0.022,Normal,Safe,Maintain Regular Monitoring
24.71,62.76,1011.46,162.93,38.47,60.12,0.2,0.035,-0.146,Normal,Safe,Maintain Regular Monitoring
26.18,64.54,1010.15,141.25,95.06,52.95,0.05,0.052,0.176,Normal,Safe,Maintain Regular Monitoring
24.89,57.88,1015.31,70.05,43.47,52.31,0.11,0.034,1.683,Normal,Safe,Maintain Regular Monitoring
26.62,78.87,1011.65,299.88,115.17,92.34,5.92,-0.044,-0.22,Worker Fall / Distress,High Risk,Dispatch Medical Team & Locate Worker via LoRa Beacon
23.92,61.66,1010.25,168.71,93.71,47.42,0.1,0.068,-0.947,Normal,Safe,Maintain Regular Monitoring
31.58,88.16,1001.46,303.73,438.72,43.42,0.08,0.013,-1.035,Toxic Gas / Poor Ventilation,High Risk,Activate Auxiliary Air Scrubbers & Ventilate
26.05,66.05,1009.73,157.23,81.42,49.59,0.15,0.105,1.123,Normal,Safe,Maintain Regular Monitoring
25.59,61.68,1011.73,113.52,78.83,116.23,5.03,-0.018,-1.216,Roof Fall / Rock Burst Risk,Critical Danger,Immediate Tunnel Evacuation: Structural Collapse Threat
27.6,55.94,1014.66,243.77,109.63,106.98,2.9,0.002,1.521,Roof Fall / Rock Burst Risk,Critical Danger,Immediate Tunnel Evacuation: Structural Collapse Threat
43.15,37.42,1009.34,979.01,632.85,69.12,0.43,1.873,4.171,Spontaneous Combustion / Fire,Critical Danger,Trigger Automated Fire Suppression & Evacuate
24.02,53.25,1009.56,2732.67,173.88,52.61,0.11,0.326,68.164,Methane Accumulation,Critical Danger,Immediate Evacuation & Cut Power Supply
28.37,62.01,1010.26,4514.85,109.92,59.3,0.1,0.2,31.809,Methane Accumulation,Critical Danger,Immediate Evacuation & Cut Power Supply
24.01,59.71,1011.13,209.76,94.58,62.03,0.05,0.035,1.391,Normal,Safe,Maintain Regular Monitoring
26.9,63.2,1013.58,83.94,122.98,73.52,3.94,-0.087,1.531,Worker Fall / Distress,High Risk,Dispatch Medical Team & Locate Worker via LoRa Beacon
32.34,85.25,1006.35,150.28,467.43,51.79,0.15,0.123,0.821,Toxic Gas / Poor Ventilation,High Risk,Activate Auxiliary Air Scrubbers & Ventilate
26.73,50.03,1003.9,246.05,87.41,77.92,4.05,-0.059,0.089,Worker Fall / Distress,High Risk,Dispatch Medical Team & Locate Worker via LoRa Beacon
23.61,59.25,1011.94,172.36,66.76,58.05,0.11,0.078,0.176,Normal,Safe,Maintain Regular Monitoring
22.22,70.76,1018.3,198.04,79.76,89.09,3.88,-0.015,1.837,Roof Fall / Rock Burst Risk,Critical Danger,Immediate Tunnel Evacuation: Structural Collapse Threat
23.05,69.41,1010.32,149.28,116.23,90.7,4.46,-0.023,1.597,Worker Fall / Distress,High Risk,Dispatch Medical Team & Locate Worker via LoRa Beacon
25.66,58.73,1011.67,217.09,52.18,49.07,0.1,0.056,-1.915,Normal,Safe,Maintain Regular Monitoring
24.74,59.39,1011,55.35,45.57,50.21,0.2,0.031,0.89,Normal,Safe,Maintain Regular Monitoring
26.16,70.05,1011.93,188.13,94.55,121.78,2.59,-0.018,2.41,Roof Fall / Rock Burst Risk,Critical Danger,Immediate Tunnel Evacuation: Structural Collapse Threat
36.87,28.29,1011.14,732.09,474.58,62.15,0.16,2.067,11.246,Spontaneous Combustion / Fire,Critical Danger,Trigger Automated Fire Suppression & Evacuate
30.78,90.75,1007.71,305.78,501.7,43.48,0.16,0.103,-0.603,Toxic Gas / Poor Ventilation,High Risk,Activate Auxiliary Air Scrubbers & Ventilate
22.8,54.79,1011.88,110.61,65.72,59.53,0.08,0.01,-1.674,Normal,Safe,Maintain Regular Monitoring
23.1,48.31,1011.59,173.4,51.19,105.45,2.62,-0.007,1.702,Roof Fall / Rock Burst Risk,Critical Danger,Immediate Tunnel Evacuation: Structural Collapse Threat
27.04,65.93,1012.22,135.8,54.02,68.52,0.22,0.017,0.583,Normal,Safe,Maintain Regular Monitoring
25.12,57.22,1012.42,211.68,73.04,58.79,0.1,-0.045,0.601,Normal,Safe,Maintain Regular Monitoring
22.56,56.11,1011.93,179.16,41.26,53.27,0.25,-0.019,0.086,Normal,Safe,Maintain Regular Monitoring
31.99,94.69,1007.2,244.52,394.24,39.28,0.14,0.152,4.621,Toxic Gas / Poor Ventilation,High Risk,Activate Auxiliary Air Scrubbers & Ventilate
53.39,31.87,1011.4,472.49,455.79,74.04,0.29,2.959,7.806,Spontaneous Combustion / Fire,Critical Danger,Trigger Automated Fire Suppression & Evacuate
26.19,55.82,1012.55,4134.1,102.95,50.33,0.22,0.224,37.272,Methane Accumulation,Critical Danger,Immediate Evacuation & Cut Power Supply
27.88,56.87,1003.8,1009.93,118.35,68.77,0.33,0.203,50.098,Methane Accumulation,Critical Danger,Immediate Evacuation & Cut Power Supply
34.11,83.18,1004.3,354.46,441.24,47.37,0.17,-0.142,-0.358,Toxic Gas / Poor Ventilation,High Risk,Activate Auxiliary Air Scrubbers & Ventilate
26.04,48.75,1003.37,4718.08,80.64,46.15,0.33,0.432,73.113,Methane Accumulation,Critical Danger,Immediate Evacuation & Cut Power Supply
30.52,88.03,1003.52,272.86,337.41,50.96,0.16,-0.021,0.681,Toxic Gas / Poor Ventilation,Moderate Risk,Inspect Ventilation Ducts & Airflow Dampers
24.97,62.03,1007.07,2100.56,151.26,62.08,0.22,0.158,74.194,Methane Accumulation,Critical Danger,Immediate Evacuation & Cut Power Supply
26.74,65.27,1004.21,4436.74,98.28,59.82,0.34,0.259,34.688,Methane Accumulation,Critical Danger,Immediate Evacuation & Cut Power Supply
27.56,71,1001.88,3637.1,92.9,61.02,0.24,0.151,31.291,Methane Accumulation,Critical Danger,Immediate Evacuation & Cut Power Supply
21.83,67.42,1013.12,162.78,75.91,57.8,0.1,-0.007,-1.674,Normal,Safe,Maintain Regular Monitoring
22.99,58.46,1012.61,206.86,112.41,102.78,3.46,0.012,0.988,Roof Fall / Rock Burst Risk,Critical Danger,Immediate Tunnel Evacuation: Structural Collapse Threat
32.36,57.45,1005.34,4093.39,122.26,64.56,0.12,0.146,22.026,Methane Accumulation,Critical Danger,Immediate Evacuation & Cut Power Supply
26.77,66.38,1014.13,196.21,74.71,45.26,0.23,0.084,-3.39,Normal,Safe,Maintain Regular Monitoring
34.98,88.91,1006.19,203.52,384.44,49.4,0.15,0.105,2.893,Toxic Gas / Poor Ventilation,High Risk,Activate Auxiliary Air Scrubbers & Ventilate
28.21,57.54,1007.72,1365.3,187.07,62.73,0.32,0.41,53.175,Methane Accumulation,Critical Danger,Immediate Evacuation & Cut Power Supply
37.13,42.91,1012.09,679.53,517.95,41.14,0.2,1.553,3.589,Spontaneous Combustion / Fire,Critical Danger,Trigger Automated Fire Suppression & Evacuate
29.37,95.62,1009.95,195.93,301.55,46.27,0.13,0.082,0.051,Toxic Gas / Poor Ventilation,Moderate Risk,Inspect Ventilation Ducts & Airflow Dampers
53.27,32.75,1011.05,951.82,540.99,66.99,0.17,1.929,7.593,Spontaneous Combustion / Fire,Critical Danger,Trigger Automated Fire Suppression & Evacuate
24.1,55.34,1008.24,192.43,89.23,52.12,0.07,0.007,0.798,Normal,Safe,Maintain Regular Monitoring
25.57,60.96,1014.69,147.17,65.84,82.52,4.7,-0.003,1.304,Worker Fall / Distress,High Risk,Dispatch Medical Team & Locate Worker via LoRa Beacon
52.71,45.06,1006.33,1076.93,342.66,62.74,0.35,2.085,11.938,Spontaneous Combustion / Fire,Critical Danger,Trigger Automated Fire Suppression & Evacuate
27.27,61.13,1017.22,91.3,63.86,75.26,0.24,0.054,-0.815,Normal,Safe,Maintain Regular Monitoring
21.1,67.85,1011.56,150.3,83.53,57.42,0.14,-0.015,0.273,Normal,Safe,Maintain Regular Monitoring
24.83,52.92,1011.41,125.27,95.57,114.16,2.63,-0.049,1.258,Roof Fall / Rock Burst Risk,Critical Danger,Immediate Tunnel Evacuation: Structural Collapse Threat
41.42,28.18,1008.14,770.34,296.61,65.28,0.31,2.393,4.98,Spontaneous Combustion / Fire,High Risk,Dispatch Fire Inspection Team & Seal Airflow
36.77,28.75,1013.59,616.97,428.38,63.58,0.3,2.725,4.735,Spontaneous Combustion / Fire,Critical Danger,Trigger Automated Fire Suppression & Evacuate
28.85,89.78,1002.47,344.08,378,46.68,0.12,-0.102,2.765,Toxic Gas / Poor Ventilation,High Risk,Activate Auxiliary Air Scrubbers & Ventilate
27.05,73.87,1013.13,237.24,74.58,102.03,4.4,-0.019,0.339,Roof Fall / Rock Burst Risk,Critical Danger,Immediate Tunnel Evacuation: Structural Collapse Threat
26,65.99,1008.93,125.32,31.36,71.19,0.07,0.092,1.322,Normal,Safe,Maintain Regular Monitoring
25.01,62.94,1014.85,196.02,48.15,47.87,0.13,0.11,2.47,Normal,Safe,Maintain Regular Monitoring
24.62,70.31,1012.72,55.48,74.76,61.86,0.24,0.108,1.968,Normal,Safe,Maintain Regular Monitoring
24.05,68.05,1014.17,242.17,118.12,118.66,2.23,0,-0.138,Roof Fall / Rock Burst Risk,Critical Danger,Immediate Tunnel Evacuation: Structural Collapse Threat
26.69,61.93,1013.98,124.25,36.54,55.44,0.08,0.025,1.201,Normal,Safe,Maintain Regular Monitoring
45,33.08,1014.49,980.77,542.09,83.35,0.18,2.08,3.937,Spontaneous Combustion / Fire,Critical Danger,Trigger Automated Fire Suppression & Evacuate
26.91,67.08,1008.66,244.03,72.3,95.06,4.01,0.025,0.759,Roof Fall / Rock Burst Risk,Critical Danger,Immediate Tunnel Evacuation: Structural Collapse Threat
34.08,89.51,1002.64,254.48,342.45,45.16,0.17,0.083,0.073,Toxic Gas / Poor Ventilation,Moderate Risk,Inspect Ventilation Ducts & Airflow Dampers
22.58,66.14,1008.68,204.49,86.01,46.25,0.15,0.026,2.456,Normal,Safe,Maintain Regular Monitoring
29.54,87.16,1006.48,259.21,536.21,44.22,0.15,-0.017,2.792,Toxic Gas / Poor Ventilation,High Risk,Activate Auxiliary Air Scrubbers & Ventilate
26.17,62.84,1015.23,86.08,35.99,61.99,0.13,0.014,1.349,Normal,Safe,Maintain Regular Monitoring
31.77,88.25,1000.37,164.39,509.9,44.22,0.12,0.253,2.634,Toxic Gas / Poor Ventilation,High Risk,Activate Auxiliary Air Scrubbers & Ventilate
22.67,58.8,1011.35,83.73,46.95,53.78,0.24,-0.071,1.497,Normal,Safe,Maintain Regular Monitoring
25.19,49.32,1005.87,2650.87,78.54,56.91,0.28,0.274,19.784,Methane Accumulation,Critical Danger,Immediate Evacuation & Cut Power Supply
25.32,64.97,1011.93,210.93,69.66,94.27,3.31,0.03,0.388,Roof Fall / Rock Burst Risk,Critical Danger,Immediate Tunnel Evacuation: Structural Collapse Threat
22.97,65.33,1019.83,164,43.68,49.69,0.05,-0.011,1.434,Normal,Safe,Maintain Regular Monitoring
22.48,62.26,1008.48,192.28,62.16,47.22,0.18,0.011,1.686,Normal,Safe,Maintain Regular Monitoring
24.24,67.02,1016.2,145.56,56.79,114.39,3.45,-0.016,-0.395,Roof Fall / Rock Burst Risk,Critical Danger,Immediate Tunnel Evacuation: Structural Collapse Threat
25.96,61.11,1012.46,161.28,86.37,117.82,4.75,-0.052,-0.122,Roof Fall / Rock Burst Risk,Critical Danger,Immediate Tunnel Evacuation: Structural Collapse Threat
45.38,40.12,1009.89,724.1,519.61,70.92,0.2,2.826,5.391,Spontaneous Combustion / Fire,Critical Danger,Trigger Automated Fire Suppression & Evacuate
23.03,63.5,1012.14,153.41,96.4,95.71,4.5,0.058,1.987,Roof Fall / Rock Burst Risk,Critical Danger,Immediate Tunnel Evacuation: Structural Collapse Threat
43.78,37.65,1007.59,843.57,419.5,85.03,0.21,1.378,2.058,Spontaneous Combustion / Fire,Critical Danger,Trigger Automated Fire Suppression & Evacuate
26.39,57.81,1011.4,218.97,63.85,57.88,0.19,0.077,-0.248,Normal,Safe,Maintain Regular Monitoring
26.36,59.39,1012.73,106.17,62.67,50.79,0.07,0.071,-0.035,Normal,Safe,Maintain Regular Monitoring
22.91,54.79,1014.64,173.37,82.43,65.19,0.23,-0.028,1.269,Normal,Safe,Maintain Regular Monitoring
31.01,88.92,1006.56,301.87,218.71,50.95,0.16,-0.009,-2.107,Toxic Gas / Poor Ventilation,Moderate Risk,Inspect Ventilation Ducts & Airflow Dampers
38.68,35.27,1010.49,467.11,453.08,68.53,0.42,2.557,6.752,Spontaneous Combustion / Fire,Critical Danger,Trigger Automated Fire Suppression & Evacuate
27.94,59.44,1012.65,4281.08,104.99,69.42,0.33,0.221,18.754,Methane Accumulation,Critical Danger,Immediate Evacuation & Cut Power Supply
22.29,60.11,1012.92,1958.33,136.82,66.22,0.28,0.225,57.428,Methane Accumulation,Critical Danger,Immediate Evacuation & Cut Power Supply
24.27,64.13,1013.22,85.96,85.59,72.15,6.4,-0.113,0.431,Worker Fall / Distress,High Risk,Dispatch Medical Team & Locate Worker via LoRa Beacon
24.81,58.91,1008.34,211.04,59.09,42.15,0.07,0.011,1.248,Normal,Safe,Maintain Regular Monitoring
37.78,35.75,1011.19,840.36,245.52,85.54,0.24,3.012,2.799,Spontaneous Combustion / Fire,High Risk,Dispatch Fire Inspection Team & Seal Airflow
26.13,66.29,1003.73,1111.37,95.91,64.76,0.13,0.215,56.213,Methane Accumulation,Critical Danger,Immediate Evacuation & Cut Power Supply
53.38,41.12,1003.1,767.44,409.42,50.44,0.4,1.421,2.057,Spontaneous Combustion / Fire,Critical Danger,Trigger Automated Fire Suppression & Evacuate
23.12,56.33,1014.93,201.2,64.71,60.71,0.17,-0.029,-0.448,Normal,Safe,Maintain Regular Monitoring
33.84,87.88,1007.77,323.12,506.8,50.09,0.09,0.102,-0.369,Toxic Gas / Poor Ventilation,High Risk,Activate Auxiliary Air Scrubbers & Ventilate
21.68,63.27,1016.55,134.65,68.8,78.49,5.44,0.057,0.509,Worker Fall / Distress,High Risk,Dispatch Medical Team & Locate Worker via LoRa Beacon
40.92,29.62,1007.84,993.69,615.03,79.32,0.32,3.103,5.151,Spontaneous Combustion / Fire,Critical Danger,Trigger Automated Fire Suppression & Evacuate
23.46,55.07,1020.67,143.7,111.32,93.64,2.31,0.084,1.099,Roof Fall / Rock Burst Risk,Critical Danger,Immediate Tunnel Evacuation: Structural Collapse Threat
23.89,57.57,1015.59,167.55,124.38,88.42,4.71,0.042,1.778,Worker Fall / Distress,High Risk,Dispatch Medical Team & Locate Worker via LoRa Beacon
26.28,68.85,1012.71,144.24,63.99,95.27,1.93,0.056,1.474,Roof Fall / Rock Burst Risk,Critical Danger,Immediate Tunnel Evacuation: Structural Collapse Threat
26.4,63.73,1016.47,110.52,84.95,60.19,0.16,-0.036,0.623,Normal,Safe,Maintain Regular Monitoring
49.01,34.3,1013.05,824.65,384.21,70.29,0.3,2.625,11.603,Spontaneous Combustion / Fire,Critical Danger,Trigger Automated Fire Suppression & Evacuate
41.58,45.5,1010.78,1041.58,403.02,71.89,0.44,2.698,2.42,Spontaneous Combustion / Fire,Critical Danger,Trigger Automated Fire Suppression & Evacuate
26.93,65.43,1017.38,1440.07,126.3,50.8,0.31,0.285,81.163,Methane Accumulation,Critical Danger,Immediate Evacuation & Cut Power Supply
26.3,56.78,1013.91,246.35,102.03,107.53,4.17,0.018,0.609,Roof Fall / Rock Burst Risk,Critical Danger,Immediate Tunnel Evacuation: Structural Collapse Threat
28.54,59.75,1011.66,157.52,55.02,70.58,3.64,-0.023,1.108,Worker Fall / Distress,High Risk,Dispatch Medical Team & Locate Worker via LoRa Beacon
26.42,68.87,1012.44,100.09,104.59,88.87,3.49,0.014,0.32,Worker Fall / Distress,High Risk,Dispatch Medical Team & Locate Worker via LoRa Beacon
26.72,57.74,1020.63,1907.28,179.39,69.25,0.19,0.193,52.178,Methane Accumulation,Critical Danger,Immediate Evacuation & Cut Power Supply
24.22,54.15,1011.29,61.63,62.47,50.49,0.23,0.096,-1.586,Normal,Safe,Maintain Regular Monitoring
30.26,67.53,1012.41,250.69,43.6,78.31,4.75,0.057,-1.058,Worker Fall / Distress,High Risk,Dispatch Medical Team & Locate Worker via LoRa Beacon
33.78,92.24,1006.34,258.65,459.6,39.46,0.15,0.088,-2.679,Toxic Gas / Poor Ventilation,High Risk,Activate Auxiliary Air Scrubbers & Ventilate
25.02,68.26,1017.33,84.97,64.74,64.77,0.14,0.029,-0.446,Normal,Safe,Maintain Regular Monitoring
26.64,73.6,1007.87,64.36,105.02,90.89,4.52,0.058,-0.171,Worker Fall / Distress,High Risk,Dispatch Medical Team & Locate Worker via LoRa Beacon
33.43,86.03,1009.73,318.96,265.16,42.34,0.17,-0.043,2.359,Toxic Gas / Poor Ventilation,Moderate Risk,Inspect Ventilation Ducts & Airflow Dampers
25.58,47.31,1006.3,4256.5,172.51,62.51,0.19,0.172,44.096,Methane Accumulation,Critical Danger,Immediate Evacuation & Cut Power Supply
54.3,34.2,1014.4,464.37,369.39,76.31,0.4,2.857,5.291,Spontaneous Combustion / Fire,Critical Danger,Trigger Automated Fire Suppression & Evacuate
25.57,60.33,1007.71,1189.6,171.2,50.26,0.28,0.214,80.828,Methane Accumulation,Critical Danger,Immediate Evacuation & Cut Power Supply
25.1,72.68,1016.69,213.4,77.45,65.58,0.25,0.063,0.818,Normal,Safe,Maintain Regular Monitoring
23.33,66.42,1009.1,149.28,68.03,52.7,0.22,-0.01,0.33,Normal,Safe,Maintain Regular Monitoring
34.59,85.18,996.79,266.89,416.2,48.57,0.17,0.054,1.138,Toxic Gas / Poor Ventilation,High Risk,Activate Auxiliary Air Scrubbers & Ventilate
22.68,60.36,1016.11,70.13,82.27,45.64,0.18,-0.063,-1.902,Normal,Safe,Maintain Regular Monitoring
24.23,58.68,1013.82,121.62,59.01,55.81,0.1,0.09,0.162,Normal,Safe,Maintain Regular Monitoring
25.23,61.5,1003.37,2865.35,133.49,65.78,0.32,0.023,31.168,Methane Accumulation,Critical Danger,Immediate Evacuation & Cut Power Supply
55.23,31.42,1008.95,611.99,306.1,66.99,0.26,1.775,10.522,Spontaneous Combustion / Fire,Critical Danger,Trigger Automated Fire Suppression & Evacuate
31.88,92.05,1011.17,419.11,516.59,42.6,0.17,0.045,0.473,Toxic Gas / Poor Ventilation,High Risk,Activate Auxiliary Air Scrubbers & Ventilate
23.96,64.65,1010.39,143.33,61.14,56.83,0.18,-0.014,-0.052,Normal,Safe,Maintain Regular Monitoring
24.74,57.73,1010,142.94,79.12,60.24,0.1,0.009,0.838,Normal,Safe,Maintain Regular Monitoring
24.69,66.17,1017.29,185.78,65.44,106.83,4.28,-0.01,-0.888,Roof Fall / Rock Burst Risk,Critical Danger,Immediate Tunnel Evacuation: Structural Collapse Threat
26.75,53.29,1010.57,2559.76,93.72,53.97,0.11,0.213,18.579,Methane Accumulation,Critical Danger,Immediate Evacuation & Cut Power Supply
23.84,62.88,1013.27,119.16,86.91,68.45,0.12,0.027,1.186,Normal,Safe,Maintain Regular Monitoring
24.07,62.59,1005.71,1302.83,170.43,47.16,0.11,0.18,77.059,Methane Accumulation,Critical Danger,Immediate Evacuation & Cut Power Supply
24.83,58.25,1014.74,136.8,83.11,45.19,0.08,-0.058,1.644,Normal,Safe,Maintain Regular Monitoring
23.96,64.3,1012.78,208.14,84.57,59,0.21,-0.057,0.664,Normal,Safe,Maintain Regular Monitoring
27.46,68.57,1009.91,2543.97,161.01,51.32,0.28,0.133,44.377,Methane Accumulation,Critical Danger,Immediate Evacuation & Cut Power Supply
28.47,56.18,1011.23,2627.99,159.32,60.96,0.22,0.132,44.78,Methane Accumulation,Critical Danger,Immediate Evacuation & Cut Power Supply
33.29,90.47,1002.54,356.59,305.99,44.74,0.05,0.04,0.951,Toxic Gas / Poor Ventilation,Moderate Risk,Inspect Ventilation Ducts & Airflow Dampers
27.95,53.85,1013.17,1852.84,161.64,66.03,0.27,0.25,25.309,Methane Accumulation,High Risk,Boost Ventilation Fan Speed & Alert Sector
45.96,45.62,1003.2,608.01,606.2,59.06,0.32,2.166,5.986,Spontaneous Combustion / Fire,Critical Danger,Trigger Automated Fire Suppression & Evacuate
38.63,36.33,1011.31,311.85,265.43,56.1,0.43,1.814,9.579,Spontaneous Combustion / Fire,High Risk,Dispatch Fire Inspection Team & Seal Airflow
23.18,71.31,1014.03,94.69,87.51,50.32,0.18,0.007,0.486,Normal,Safe,Maintain Regular Monitoring
40.24,40.55,1009.16,1082.51,433.63,68.23,0.3,3.312,10.9,Spontaneous Combustion / Fire,Critical Danger,Trigger Automated Fire Suppression & Evacuate
26.92,58.55,1016.11,139.64,54.05,53.3,0.22,0.017,1.007,Normal,Safe,Maintain Regular Monitoring
22.18,64.57,1010.99,296.63,49.06,80.59,4.21,-0.009,-0.115,Worker Fall / Distress,High Risk,Dispatch Medical Team & Locate Worker via LoRa Beacon
21.83,67.76,1012.89,73.05,76.9,52.8,0.06,0.108,-0.193,Normal,Safe,Maintain Regular Monitoring
27.83,52.85,1004.28,4124.14,142.41,71.06,0.2,0.405,26.587,Methane Accumulation,Critical Danger,Immediate Evacuation & Cut Power Supply
27.28,53.51,1010.04,117.08,99.15,50.92,0.21,-0.063,2.943,Normal,Safe,Maintain Regular Monitoring
29.98,64.21,1010.27,124.98,129.94,77.71,6.12,-0.058,1.281,Worker Fall / Distress,High Risk,Dispatch Medical Team & Locate Worker via LoRa Beacon
29.43,60.93,1002.95,1016.08,141.79,52.16,0.31,0.342,58.939,Methane Accumulation,Critical Danger,Immediate Evacuation & Cut Power Supply
44.26,30.82,1007.55,852.93,613.1,78.73,0.18,3.064,7.555,Spontaneous Combustion / Fire,Critical Danger,Trigger Automated Fire Suppression & Evacuate
25.26,60.62,1010.31,194.89,73.17,60.01,0.07,0.046,0.4,Normal,Safe,Maintain Regular Monitoring
27.75,53.04,1007.73,171.66,115.6,106.64,5.04,0.033,-0.614,Roof Fall / Rock Burst Risk,Critical Danger,Immediate Tunnel Evacuation: Structural Collapse Threat
25.53,66.97,1016.86,216.49,75.79,51.81,0.22,0.086,0.15,Normal,Safe,Maintain Regular Monitoring
29.84,82.06,1001.22,376.31,303.87,44.21,0.05,0.049,2.879,Toxic Gas / Poor Ventilation,Moderate Risk,Inspect Ventilation Ducts & Airflow Dampers
23.22,64.06,1010.28,215.92,39.96,57.66,0.19,0.006,2.177,Normal,Safe,Maintain Regular Monitoring
26.64,59.29,1012.89,180.32,98.46,47.48,0.22,-0.03,0.587,Normal,Safe,Maintain Regular Monitoring
27.09,60.39,1011.95,172.61,89.86,52.12,0.21,0.08,-0.732,Normal,Safe,Maintain Regular Monitoring
26.08,59.43,1006.45,4419.06,98.68,60.63,0.33,0.193,24.775,Methane Accumulation,Critical Danger,Immediate Evacuation & Cut Power Supply
48.14,33.48,1009.69,541.46,412.45,79.27,0.43,3.259,9.157,Spontaneous Combustion / Fire,Critical Danger,Trigger Automated Fire Suppression & Evacuate
23.88,65.65,1017.57,140.78,62.16,54.79,0.21,0.103,-0.071,Normal,Safe,Maintain Regular Monitoring
24.02,62.59,1008.64,82.98,105.18,100.21,3.77,-0.058,0.447,Roof Fall / Rock Burst Risk,Critical Danger,Immediate Tunnel Evacuation: Structural Collapse Threat
28.77,51.29,1004.3,4240.51,189.83,71.71,0.3,0.253,39.874,Methane Accumulation,Critical Danger,Immediate Evacuation & Cut Power Supply
29.41,61.61,1004.4,1770.24,178.66,58.69,0.11,0.13,58.182,Methane Accumulation,Critical Danger,Immediate Evacuation & Cut Power Supply
24.94,51.03,1008.72,1498.75,98.42,47.86,0.34,0.202,47.471,Methane Accumulation,High Risk,Boost Ventilation Fan Speed & Alert Sector
27.14,59.2,1012.71,1954.4,138.49,51.5,0.29,0.186,38.44,Methane Accumulation,High Risk,Boost Ventilation Fan Speed & Alert Sector
46.21,46.54,1010.86,1016.18,261.34,67.91,0.18,1.733,3.484,Spontaneous Combustion / Fire,Critical Danger,Trigger Automated Fire Suppression & Evacuate
22.51,64.4,1013.64,232.74,77.28,57.12,0.13,-0.016,-0.022,Normal,Safe,Maintain Regular Monitoring
22.13,63.1,1011.77,85.66,84.38,71.61,0.16,0.007,-1.038,Normal,Safe,Maintain Regular Monitoring
33.22,83.78,1003.51,181.16,451.45,40.92,0.08,-0.162,-1.596,Toxic Gas / Poor Ventilation,High Risk,Activate Auxiliary Air Scrubbers & Ventilate
27.17,73.79,1016.04,130.23,69.01,80.95,4.21,0.045,0.087,Worker Fall / Distress,High Risk,Dispatch Medical Team & Locate Worker via LoRa Beacon
24.98,62.59,1010.61,1701.66,117.92,73.05,0.31,0.204,78.68,Methane Accumulation,Critical Danger,Immediate Evacuation & Cut Power Supply
27.99,62.46,1013.69,82.63,51.34,59.45,0.06,-0.018,-0.352,Normal,Safe,Maintain Regular Monitoring
57.71,34.12,1010.45,979.26,531.91,60.56,0.24,2.316,9.149,Spontaneous Combustion / Fire,Critical Danger,Trigger Automated Fire Suppression & Evacuate
28.78,67.32,1001.37,3384.2,168.19,76.91,0.1,0.308,30.753,Methane Accumulation,Critical Danger,Immediate Evacuation & Cut Power Supply
24.34,56.48,1012.99,112.52,48.78,57.04,0.06,-0.009,-0.039,Normal,Safe,Maintain Regular Monitoring
23.77,62.48,1008.36,154,46.24,56.35,0.14,0.05,1.187,Normal,Safe,Maintain Regular Monitoring
26.04,59.14,1008.19,248.47,53.18,89.43,3.34,0.035,0.879,Roof Fall / Rock Burst Risk,Critical Danger,Immediate Tunnel Evacuation: Structural Collapse Threat
56.23,38.66,1010.68,911.64,262.93,61.9,0.2,0.833,7.937,Spontaneous Combustion / Fire,Critical Danger,Trigger Automated Fire Suppression & Evacuate
25.1,65.75,1015.03,196.41,74.21,56.01,0.16,0.079,-0.192,Normal,Safe,Maintain Regular Monitoring
25.03,62.93,1013.34,155.35,85.89,48.99,0.17,0.004,2.103,Normal,Safe,Maintain Regular Monitoring
26.26,63.85,1008.68,78.35,27.06,56.99,0.1,0.047,-1.636,Normal,Safe,Maintain Regular Monitoring
44.76,41.49,1002.59,501.44,250.83,67.93,0.42,2.668,3.216,Spontaneous Combustion / Fire,High Risk,Dispatch Fire Inspection Team & Seal Airflow
23.07,70.73,1016.28,190.68,59.97,54.81,0.24,-0.044,1.037,Normal,Safe,Maintain Regular Monitoring
25.11,63.79,1012.28,214.45,49.1,52.59,0.1,0.051,2.667,Normal,Safe,Maintain Regular Monitoring
22.6,61.87,1010.83,96.82,78.75,91.09,2.24,0.064,0.759,Roof Fall / Rock Burst Risk,Critical Danger,Immediate Tunnel Evacuation: Structural Collapse Threat
23.77,55.88,1010.52,152.19,87.6,56.75,0.15,0.026,-0.057,Normal,Safe,Maintain Regular Monitoring
40.32,38.96,1012.97,635.06,623.77,66.12,0.38,1.056,5.208,Spontaneous Combustion / Fire,Critical Danger,Trigger Automated Fire Suppression & Evacuate
23.7,69.71,1008.94,75.26,95.17,44.45,0.08,0.007,0.511,Normal,Safe,Maintain Regular Monitoring
24.24,60.8,1010.58,142.17,77.59,57.27,0.11,0.012,-0.251,Normal,Safe,Maintain Regular Monitoring
24.91,65.89,1011,138.64,90.25,57.29,0.24,0.018,1.403,Normal,Safe,Maintain Regular Monitoring
24.33,61.97,1013.46,192.37,45.81,116.45,2.39,0.004,-0.493,Roof Fall / Rock Burst Risk,Critical Danger,Immediate Tunnel Evacuation: Structural Collapse Threat
32.04,93.97,1004.79,168.13,464.7,45.91,0.1,0.084,1.049,Toxic Gas / Poor Ventilation,High Risk,Activate Auxiliary Air Scrubbers & Ventilate
30.37,92.6,997.15,313.17,508.13,45.61,0.07,0.065,3.304,Toxic Gas / Poor Ventilation,High Risk,Activate Auxiliary Air Scrubbers & Ventilate
28.04,52.56,1012.01,2640.53,157.17,58.69,0.12,0.221,71.592,Methane Accumulation,Critical Danger,Immediate Evacuation & Cut Power Supply
39.52,33.56,1009.84,530.34,519.17,73.63,0.3,2.989,6.371,Spontaneous Combustion / Fire,Critical Danger,Trigger Automated Fire Suppression & Evacuate
25.99,62.88,1010.13,215.56,78.87,54.27,0.12,0.056,0.014,Normal,Safe,Maintain Regular Monitoring
20.94,56.45,1012.39,222.62,41.06,52.49,0.2,0.022,2.717,Normal,Safe,Maintain Regular Monitoring
28.36,84.95,1009.76,172.3,308.23,46.78,0.12,0.126,5.344,Toxic Gas / Poor Ventilation,Moderate Risk,Inspect Ventilation Ducts & Airflow Dampers
22.84,57.9,1009.63,84.54,90.79,62.39,0.13,-0.012,1.658,Normal,Safe,Maintain Regular Monitoring
25.31,65.03,1011.33,64.37,32.43,60.51,0.21,0.09,0.349,Normal,Safe,Maintain Regular Monitoring
25.71,65.73,1011.32,130.61,96.09,53.64,0.1,0.134,-0.381,Normal,Safe,Maintain Regular Monitoring
22.81,57.27,1016.86,146.28,38.21,61.43,0.24,-0.029,1.12,Normal,Safe,Maintain Regular Monitoring
28.38,60.1,1012.07,117.41,63.71,49.93,0.17,0.011,-0.36,Normal,Safe,Maintain Regular Monitoring
39.39,35.54,1012.76,446.5,378.16,82.96,0.33,3.124,9.532,Spontaneous Combustion / Fire,High Risk,Dispatch Fire Inspection Team & Seal Airflow
22.88,64.79,1011.51,1005.01,188.56,59.51,0.27,0.184,57.387,Methane Accumulation,Critical Danger,Immediate Evacuation & Cut Power Supply
31.39,83.48,1005.25,233.38,512.71,45.7,0.1,0.065,0.241,Toxic Gas / Poor Ventilation,High Risk,Activate Auxiliary Air Scrubbers & Ventilate
32.92,90.6,993.79,327.98,289.35,51.18,0.12,0.085,0.002,Toxic Gas / Poor Ventilation,Moderate Risk,Inspect Ventilation Ducts & Airflow Dampers
21.13,59.75,1014.42,88.1,87.19,57.17,0.06,-0.005,-1.691,Normal,Safe,Maintain Regular Monitoring
26.3,64.94,1009.17,127.9,72.12,51.04,0.12,0.035,0.418,Normal,Safe,Maintain Regular Monitoring
24.19,59.54,1013.99,2175.13,79.88,48.39,0.25,0.237,83.403,Methane Accumulation,Critical Danger,Immediate Evacuation & Cut Power Supply
38.45,32.24,1011.76,906.04,633.19,67.8,0.25,3.479,3.028,Spontaneous Combustion / Fire,Critical Danger,Trigger Automated Fire Suppression & Evacuate
24.21,60.9,1013.28,183.13,87.56,56.01,0.17,0.05,-1.71,Normal,Safe,Maintain Regular Monitoring
47.74,44.47,1009.82,898.88,265.89,69.97,0.38,1.803,2.394,Spontaneous Combustion / Fire,Critical Danger,Trigger Automated Fire Suppression & Evacuate
29.57,50.46,1003.99,2393.46,158.9,71.76,0.25,0.097,49.147,Methane Accumulation,High Risk,Boost Ventilation Fan Speed & Alert Sector
57.78,32.28,1015.56,605.18,354.24,73.32,0.24,1.02,2.114,Spontaneous Combustion / Fire,Critical Danger,Trigger Automated Fire Suppression & Evacuate
28.53,48.7,1001.91,4754.14,126.38,65.88,0.22,0.17,56.942,Methane Accumulation,Critical Danger,Immediate Evacuation & Cut Power Supply
24.08,58.02,1013.57,114.71,69.44,57.68,0.15,0.059,2.284,Normal,Safe,Maintain Regular Monitoring
22.22,73.07,1015.39,111.73,77.77,74.7,3.23,-0.057,-0.065,Worker Fall / Distress,High Risk,Dispatch Medical Team & Locate Worker via LoRa Beacon
25.9,57.4,1013.16,222.21,102.7,91.83,4.9,0.028,-1.028,Roof Fall / Rock Burst Risk,Critical Danger,Immediate Tunnel Evacuation: Structural Collapse Threat
24.28,63.76,1017.58,75.55,67.11,47.3,0.18,0.088,0.328,Normal,Safe,Maintain Regular Monitoring
29.09,93.06,1008.69,225.8,321.25,45.52,0.07,0.082,2.145,Toxic Gas / Poor Ventilation,Moderate Risk,Inspect Ventilation Ducts & Airflow Dampers
28.3,59.29,1003.37,3910.57,110.48,58.12,0.25,0.214,25.686,Methane Accumulation,Critical Danger,Immediate Evacuation & Cut Power Supply
33.81,86.98,1008.09,165.04,344.85,43.18,0.08,0.01,1.396,Toxic Gas / Poor Ventilation,Moderate Risk,Inspect Ventilation Ducts & Airflow Dampers
25.65,64.74,1011.09,174.91,112.07,98.64,3.75,-0.147,0.484,Roof Fall / Rock Burst Risk,Critical Danger,Immediate Tunnel Evacuation: Structural Collapse Threat
24.15,58.73,1006.79,4636.14,101.3,74.7,0.27,0.217,75.989,Methane Accumulation,Critical Danger,Immediate Evacuation & Cut Power Supply
25.34,59.71,1016.41,153.27,38.93,56.16,0.13,0.104,0.178,Normal,Safe,Maintain Regular Monitoring
25.14,69.14,1014.31,111.82,41.66,66.84,0.22,0.001,3.267,Normal,Safe,Maintain Regular Monitoring
41.88,40.92,1006.45,1088.08,242.56,69.1,0.23,3.378,6.834,Spontaneous Combustion / Fire,High Risk,Dispatch Fire Inspection Team & Seal Airflow
43.3,31.63,1013.42,457.78,603.11,73.29,0.22,1.127,2.061,Spontaneous Combustion / Fire,Critical Danger,Trigger Automated Fire Suppression & Evacuate
24.88,62.57,1013.21,175.45,78.96,50.16,0.1,-0.003,-2.483,Normal,Safe,Maintain Regular Monitoring
22.63,57.81,1011.58,169.39,40.07,55.93,0.17,-0.035,1.73,Normal,Safe,Maintain Regular Monitoring
30.05,86.62,1009.67,354.45,328.81,40.98,0.09,0.016,0.523,Toxic Gas / Poor Ventilation,Moderate Risk,Inspect Ventilation Ducts & Airflow Dampers
25.67,66.51,1009.52,154.42,45.77,75.66,5.82,0.034,-0.569,Worker Fall / Distress,High Risk,Dispatch Medical Team & Locate Worker via LoRa Beacon
28.18,54.85,1006.46,1142.98,189.06,66.45,0.29,0.405,73.805,Methane Accumulation,Critical Danger,Immediate Evacuation & Cut Power Supply
25.46,56.63,1013.55,162.82,94.07,53.13,0.11,0.093,0.598,Normal,Safe,Maintain Regular Monitoring
22.37,49.53,1013.08,155.19,35.7,60.96,0.13,0.022,0.209,Normal,Safe,Maintain Regular Monitoring
22.34,64.24,1014.83,48.18,51.65,48.28,0.18,-0.028,1.538,Normal,Safe,Maintain Regular Monitoring
28.62,83.1,1007.51,215.32,297.29,39.41,0.12,0.042,3.194,Toxic Gas / Poor Ventilation,Moderate Risk,Inspect Ventilation Ducts & Airflow Dampers
26.99,61.79,1016.62,82.56,63.56,66.78,0.18,0.037,0.762,Normal,Safe,Maintain Regular Monitoring
53.13,32.97,1013.39,826.46,635.01,77.21,0.37,0.961,7.815,Spontaneous Combustion / Fire,Critical Danger,Trigger Automated Fire Suppression & Evacuate
23.53,61.71,1013.34,53.51,37.5,41.55,0.07,0.062,1.326,Normal,Safe,Maintain Regular Monitoring
40.76,33.27,1011.92,427.25,571.93,68.42,0.41,2.524,5.877,Spontaneous Combustion / Fire,Critical Danger,Trigger Automated Fire Suppression & Evacuate
45.37,29.51,1010.43,276.74,539.92,80.23,0.32,1.549,6.759,Spontaneous Combustion / Fire,Critical Danger,Trigger Automated Fire Suppression & Evacuate
31.3,87.44,996.76,396.2,363.4,46.45,0.17,-0.021,-0.922,Toxic Gas / Poor Ventilation,High Risk,Activate Auxiliary Air Scrubbers & Ventilate
24.96,65.49,1014.38,164.67,80.52,50.29,0.12,0.027,1.477,Normal,Safe,Maintain Regular Monitoring
24.37,70.6,1018.53,89.68,75.12,62.63,0.2,0.104,-0.581,Normal,Safe,Maintain Regular Monitoring
22.68,53.2,1011.86,162.84,83.64,52.64,0.11,-0.07,0.036,Normal,Safe,Maintain Regular Monitoring
29.64,92.3,1005.07,388.13,300.52,46.45,0.13,0.032,-0.392,Toxic Gas / Poor Ventilation,Moderate Risk,Inspect Ventilation Ducts & Airflow Dampers
30.43,93.7,1012.97,377.53,319.23,39.44,0.05,0.064,-0.702,Toxic Gas / Poor Ventilation,Moderate Risk,Inspect Ventilation Ducts & Airflow Dampers
37.14,34.74,1007.12,898.81,562.91,75.1,0.22,2.768,9.478,Spontaneous Combustion / Fire,Critical Danger,Trigger Automated Fire Suppression & Evacuate
44.74,32.21,1012.88,793.67,299.54,68.29,0.35,1.953,7.915,Spontaneous Combustion / Fire,High Risk,Dispatch Fire Inspection Team & Seal Airflow
52.15,38.3,1012.07,772.81,289.36,73.85,0.4,3.327,3.37,Spontaneous Combustion / Fire,Critical Danger,Trigger Automated Fire Suppression & Evacuate
21.43,61.58,1015.67,83.41,89.53,51.75,0.14,-0.026,-0.058,Normal,Safe,Maintain Regular Monitoring
29.17,91.27,1000.87,183.81,234.59,48.41,0.14,0.061,1.183,Toxic Gas / Poor Ventilation,Moderate Risk,Inspect Ventilation Ducts & Airflow Dampers
25.66,61.65,1010.26,4508.45,167.37,64.09,0.18,0.323,30.246,Methane Accumulation,Critical Danger,Immediate Evacuation & Cut Power Supply
29.19,51.16,1005.84,2698.84,97.97,56.15,0.25,0.214,61.65,Methane Accumulation,Critical Danger,Immediate Evacuation & Cut Power Supply
27.48,57.69,1018.59,1586.93,177.37,59.24,0.29,0.179,27.293,Methane Accumulation,High Risk,Boost Ventilation Fan Speed & Alert Sector
23.98,61.61,1012.58,56.97,70.67,61.44,0.22,-0.013,-0.794,Normal,Safe,Maintain Regular Monitoring
25.15,56.8,1018.75,166.41,68.47,56.05,0.11,0.088,-0.556,Normal,Safe,Maintain Regular Monitoring
22.65,66.03,1010.24,155.49,54.26,119.43,4.39,-0.08,2.205,Roof Fall / Rock Burst Risk,Critical Danger,Immediate Tunnel Evacuation: Structural Collapse Threat
24.13,63.39,1008.32,164.81,45.66,57.94,0.24,-0.007,1.175,Normal,Safe,Maintain Regular Monitoring
54.12,37.62,1009.62,822.92,420.09,63.3,0.36,0.943,10.171,Spontaneous Combustion / Fire,Critical Danger,Trigger Automated Fire Suppression & Evacuate
24.66,59.34,1015.17,130.05,46.26,45.18,0.06,0.057,1.067,Normal,Safe,Maintain Regular Monitoring
21.56,61,1003.4,1421.39,143.35,55.16,0.19,0.173,27.148,Methane Accumulation,High Risk,Boost Ventilation Fan Speed & Alert Sector
22.35,52.83,1016.25,193.24,52.96,50.05,0.22,-0.051,3.209,Normal,Safe,Maintain Regular Monitoring
26.67,53.02,1008.69,4342.08,80.07,61.32,0.23,0.154,76.379,Methane Accumulation,Critical Danger,Immediate Evacuation & Cut Power Supply
22.18,53.7,1013.03,117.42,104.03,109.23,3.39,-0.016,-0.922,Roof Fall / Rock Burst Risk,Critical Danger,Immediate Tunnel Evacuation: Structural Collapse Threat
24.55,64.87,1014.8,157.75,53.74,47.59,0.18,0.052,0.928,Normal,Safe,Maintain Regular Monitoring
44.17,29.51,1009.73,779.77,526.5,71.85,0.31,1.354,9.551,Spontaneous Combustion / Fire,Critical Danger,Trigger Automated Fire Suppression & Evacuate
27.48,68.22,1003.94,1181.61,110.75,61.76,0.18,0.223,26.716,Methane Accumulation,High Risk,Boost Ventilation Fan Speed & Alert Sector
57.53,35.5,1017.41,340.89,447.15,78.18,0.39,2.923,10.901,Spontaneous Combustion / Fire,Critical Danger,Trigger Automated Fire Suppression & Evacuate
29.7,67.93,1012.17,299.08,50.49,91.24,4.85,0.076,-1.508,Worker Fall / Distress,High Risk,Dispatch Medical Team & Locate Worker via LoRa Beacon
25.02,60.56,1011.07,156.75,115.16,102.57,3.02,0.026,1.096,Roof Fall / Rock Burst Risk,Critical Danger,Immediate Tunnel Evacuation: Structural Collapse Threat
19.57,67.94,1014.76,128.27,58.66,62.65,0.16,0.066,-0.698,Normal,Safe,Maintain Regular Monitoring
22.72,57.91,1015.87,87.8,88.22,54.33,0.22,-0.022,-1.307,Normal,Safe,Maintain Regular Monitoring
26.01,70.43,1011.26,212.42,98.66,52.13,0.06,0.046,-0.005,Normal,Safe,Maintain Regular Monitoring
52.07,40.49,1004.76,451.98,451.5,65.78,0.16,1.255,9.279,Spontaneous Combustion / Fire,Critical Danger,Trigger Automated Fire Suppression & Evacuate
24.77,62.25,1009.14,63.57,92.11,52.39,0.23,0.018,-0.463,Normal,Safe,Maintain Regular Monitoring
27.07,58.44,1004.52,4563.93,153.15,59.29,0.11,0.293,83.202,Methane Accumulation,Critical Danger,Immediate Evacuation & Cut Power Supply
36.38,46.95,1010.92,791.71,560.13,59.01,0.2,3.389,8.387,Spontaneous Combustion / Fire,Critical Danger,Trigger Automated Fire Suppression & Evacuate
24.75,67.95,1014.24,148.34,86.95,56.88,0.16,-0.007,-0.124,Normal,Safe,Maintain Regular Monitoring
23.3,58.65,1008.85,97.8,43.39,110.91,3.63,-0.064,2.252,Roof Fall / Rock Burst Risk,Critical Danger,Immediate Tunnel Evacuation: Structural Collapse Threat
22.97,60.64,1016.9,177.87,36.68,57.07,0.15,0.022,0.314,Normal,Safe,Maintain Regular Monitoring
25.78,62.5,1011.63,105.36,45.45,62.34,0.17,-0.063,1.498,Normal,Safe,Maintain Regular Monitoring
25.24,59.37,1017.04,235.23,54.49,106.5,5.03,0.056,0.655,Roof Fall / Rock Burst Risk,Critical Danger,Immediate Tunnel Evacuation: Structural Collapse Threat
28.98,62.68,1007.85,1520.16,128.08,62.59,0.28,0.22,63.648,Methane Accumulation,Critical Danger,Immediate Evacuation & Cut Power Supply
24.87,57.7,1010.79,144.1,53.59,91.61,4.88,0.004,-0.206,Roof Fall / Rock Burst Risk,Critical Danger,Immediate Tunnel Evacuation: Structural Collapse Threat
24.14,58.89,1004.16,3908.33,155.51,56.91,0.26,0.278,82.867,Methane Accumulation,Critical Danger,Immediate Evacuation & Cut Power Supply
24.11,59.45,1011.4,138.02,63.51,42.66,0.16,0.033,0.067,Normal,Safe,Maintain Regular Monitoring
28.46,89.73,1005.49,181.48,217.6,40.4,0.12,-0.026,2.292,Toxic Gas / Poor Ventilation,Moderate Risk,Inspect Ventilation Ducts & Airflow Dampers
22.97,66.69,1007.89,197.68,119.6,119.89,1.81,0.081,-0.574,Roof Fall / Rock Burst Risk,Critical Danger,Immediate Tunnel Evacuation: Structural Collapse Threat
24.55,65.65,1010.3,249.98,88.86,112.34,4.39,0.003,0.053,Roof Fall / Rock Burst Risk,Critical Danger,Immediate Tunnel Evacuation: Structural Collapse Threat
28.73,66.75,1010.43,105.2,27.19,52.53,0.16,0.036,2.794,Normal,Safe,Maintain Regular Monitoring
45.55,35.75,1008.44,874.09,568.44,71.79,0.28,1.603,6.705,Spontaneous Combustion / Fire,Critical Danger,Trigger Automated Fire Suppression & Evacuate
26.87,59.53,1012.79,1780.79,182.22,62.11,0.34,0.137,54.817,Methane Accumulation,Critical Danger,Immediate Evacuation & Cut Power Supply
24.14,67.77,1013.78,197.7,42.65,55.02,0.16,0.01,0.522,Normal,Safe,Maintain Regular Monitoring
34.42,90.79,1010.25,402.1,260.42,49.97,0.13,0.015,0.082,Toxic Gas / Poor Ventilation,Moderate Risk,Inspect Ventilation Ducts & Airflow Dampers
21.03,60.06,1016.06,115.9,57.04,60.54,0.1,0.101,-0.291,Normal,Safe,Maintain Regular Monitoring
24.2,61.75,1011.74,258.59,42.22,86.88,6.28,-0.029,0.774,Worker Fall / Distress,High Risk,Dispatch Medical Team & Locate Worker via LoRa Beacon
24.9,57.96,1007.1,1435.72,154.24,69.33,0.18,0.319,26.884,Methane Accumulation,High Risk,Boost Ventilation Fan Speed & Alert Sector
23.54,75.16,1011.91,124.35,45.64,49.93,0.07,0.005,0.383,Normal,Safe,Maintain Regular Monitoring
40.1,42.94,1014.13,859.35,487.35,59.42,0.44,0.858,9.387,Spontaneous Combustion / Fire,Critical Danger,Trigger Automated Fire Suppression & Evacuate
34.71,94.07,1003.01,201.74,414.44,47.97,0.08,-0.026,4.801,Toxic Gas / Poor Ventilation,High Risk,Activate Auxiliary Air Scrubbers & Ventilate
25.79,69.53,1011.26,218.88,45.17,109.12,2.6,0.033,0.272,Roof Fall / Rock Burst Risk,Critical Danger,Immediate Tunnel Evacuation: Structural Collapse Threat
34.15,87.66,1001.06,309.75,248.84,45.69,0.04,-0.012,-1.176,Toxic Gas / Poor Ventilation,Moderate Risk,Inspect Ventilation Ducts & Airflow Dampers
57.37,42.54,1007.61,547.21,262.71,57.59,0.31,3.055,8.158,Spontaneous Combustion / Fire,Critical Danger,Trigger Automated Fire Suppression & Evacuate
25.17,67.31,1018.47,246.91,114.55,105.43,2.84,-0.044,0.027,Roof Fall / Rock Burst Risk,Critical Danger,Immediate Tunnel Evacuation: Structural Collapse Threat
32.45,89,1004.76,293.89,511.78,45.93,0.14,0.044,2.657,Toxic Gas / Poor Ventilation,High Risk,Activate Auxiliary Air Scrubbers & Ventilate
21.14,71.93,1011.23,39.68,50.89,55.62,0.22,-0.078,2.349,Normal,Safe,Maintain Regular Monitoring
25.95,57.39,1011.26,2401.36,112.79,70.78,0.24,0.083,45.54,Methane Accumulation,High Risk,Boost Ventilation Fan Speed & Alert Sector
21.99,62.92,1013.41,175.1,48.73,60.42,0.05,-0.032,-0.542,Normal,Safe,Maintain Regular Monitoring
21.17,57.42,1007.58,209.07,54.78,91.15,5.88,-0.052,1.175,Worker Fall / Distress,High Risk,Dispatch Medical Team & Locate Worker via LoRa Beacon
24.8,60.32,1018.63,196.12,120.94,94.25,5.29,-0.01,0.128,Worker Fall / Distress,High Risk,Dispatch Medical Team & Locate Worker via LoRa Beacon
25.4,58.37,1008.3,81.71,71.8,48.07,0.08,0.011,-0.075,Normal,Safe,Maintain Regular Monitoring
25.78,62.66,1008.73,88.25,40.58,121.59,4.04,0.122,-0.287,Roof Fall / Rock Burst Risk,Critical Danger,Immediate Tunnel Evacuation: Structural Collapse Threat
19.46,59.95,1008.2,215.77,119.45,74.6,5.97,-0.014,-0.371,Worker Fall / Distress,High Risk,Dispatch Medical Team & Locate Worker via LoRa Beacon
24.35,66.18,1014.21,213.69,46.81,60.31,0.22,-0.009,1.853,Normal,Safe,Maintain Regular Monitoring
53.04,33.25,1007.47,1044.82,353.86,65.79,0.31,1.857,11.599,Spontaneous Combustion / Fire,Critical Danger,Trigger Automated Fire Suppression & Evacuate
30.35,92.9,1004.19,263.45,464.23,50.78,0.15,0.14,1.747,Toxic Gas / Poor Ventilation,High Risk,Activate Auxiliary Air Scrubbers & Ventilate
24.03,68.41,1007.53,196.9,65.71,62.19,0.05,0.006,-0.083,Normal,Safe,Maintain Regular Monitoring
22.78,67.81,1015.66,184.6,82.39,116.68,2.6,-0.037,0.003,Roof Fall / Rock Burst Risk,Critical Danger,Immediate Tunnel Evacuation: Structural Collapse Threat
21.84,64.84,1012.13,34.01,32.55,65.76,0.22,-0.019,0.772,Normal,Safe,Maintain Regular Monitoring
29.91,67.01,1010.91,265.46,55.07,76.64,4.67,-0.076,-0.851,Worker Fall / Distress,High Risk,Dispatch Medical Team & Locate Worker via LoRa Beacon
28.64,73.6,1009.34,114.24,99.08,74.11,3.38,0.07,0.245,Worker Fall / Distress,High Risk,Dispatch Medical Team & Locate Worker via LoRa Beacon
27.37,54.71,1014.03,239.42,105.75,71.16,5.01,0,0.78,Worker Fall / Distress,High Risk,Dispatch Medical Team & Locate Worker via LoRa Beacon
26.88,54.76,1004.32,2474.82,99.2,70.82,0.31,0.218,34.743,Methane Accumulation,High Risk,Boost Ventilation Fan Speed & Alert Sector
31.83,83.17,1004.28,268.1,312.94,44.45,0.08,0.112,3.423,Toxic Gas / Poor Ventilation,Moderate Risk,Inspect Ventilation Ducts & Airflow Dampers
33.84,86.26,1002.98,290.7,507.1,38.74,0.16,0.105,-1.154,Toxic Gas / Poor Ventilation,High Risk,Activate Auxiliary Air Scrubbers & Ventilate
26.98,72.74,1014.76,167.08,41.96,62.63,0.09,0.005,0.73,Normal,Safe,Maintain Regular Monitoring
31.6,82.89,1009.71,316.83,347.58,44.01,0.07,-0.084,2.217,Toxic Gas / Poor Ventilation,Moderate Risk,Inspect Ventilation Ducts & Airflow Dampers
24.39,61.63,1013.42,55.52,68.7,50.84,0.15,0.073,0.531,Normal,Safe,Maintain Regular Monitoring
39.38,30.66,1010.25,423.63,572.69,64.95,0.43,3.174,6.569,Spontaneous Combustion / Fire,Critical Danger,Trigger Automated Fire Suppression & Evacuate
21.84,68.57,1006.82,86.21,58.02,52.68,0.08,0.02,2.31,Normal,Safe,Maintain Regular Monitoring
22.7,59.94,1008.84,141.47,42.34,65.07,0.07,0.016,0.131,Normal,Safe,Maintain Regular Monitoring
24.41,61.9,1011.63,103.95,65,54.53,0.06,-0.11,0.326,Normal,Safe,Maintain Regular Monitoring
24.76,66.04,1009.29,199.06,107.83,113.56,3.33,0.072,1.133,Roof Fall / Rock Burst Risk,Critical Danger,Immediate Tunnel Evacuation: Structural Collapse Threat
19.07,69.89,1015.58,179.53,74.23,63.09,0.15,-0.006,2.783,Normal,Safe,Maintain Regular Monitoring
29.12,70.82,1011.78,150.94,56.14,90.4,4.43,0.02,0.821,Roof Fall / Rock Burst Risk,Critical Danger,Immediate Tunnel Evacuation: Structural Collapse Threat
21.93,60.51,1019.03,181.56,85.96,54.07,0.06,0.028,0.189,Normal,Safe,Maintain Regular Monitoring
23.61,62.27,1014.52,112.27,55.4,55.26,0.21,0.081,0.846,Normal,Safe,Maintain Regular Monitoring
57.64,33.82,1005.58,925.2,445.62,71,0.18,3.357,4.917,Spontaneous Combustion / Fire,Critical Danger,Trigger Automated Fire Suppression & Evacuate
22.84,61.7,1010.98,250.28,96.95,113.22,3.5,-0.03,0.136,Roof Fall / Rock Burst Risk,Critical Danger,Immediate Tunnel Evacuation: Structural Collapse Threat
21.67,63.86,1009.85,180.72,35.17,51.43,0.16,-0.013,1.742,Normal,Safe,Maintain Regular Monitoring
37.86,37.29,1007.17,436.94,655.72,73.05,0.44,3.474,10.077,Spontaneous Combustion / Fire,Critical Danger,Trigger Automated Fire Suppression & Evacuate
29.32,84.97,999.88,436.96,478.29,48.14,0.07,-0.04,0.238,Toxic Gas / Poor Ventilation,High Risk,Activate Auxiliary Air Scrubbers & Ventilate
50.45,41.08,1009.27,330.69,366.67,61.95,0.17,1.548,4.489,Spontaneous Combustion / Fire,Critical Danger,Trigger Automated Fire Suppression & Evacuate
25.75,58.55,1011.41,157.66,39.29,53.11,0.15,0.019,0.44,Normal,Safe,Maintain Regular Monitoring
27.15,62.89,1010.82,181.9,76.33,59.13,0.23,0.05,0.332,Normal,Safe,Maintain Regular Monitoring
31.98,93.07,1007.6,359.14,548.48,38.19,0.09,-0.028,-0.79,Toxic Gas / Poor Ventilation,High Risk,Activate Auxiliary Air Scrubbers & Ventilate
25.81,57.18,1013.8,164.43,49.84,46.87,0.2,0.024,1.068,Normal,Safe,Maintain Regular Monitoring
34.36,93.32,1004.88,389.45,253.25,43.54,0.08,0.092,-0.354,Toxic Gas / Poor Ventilation,Moderate Risk,Inspect Ventilation Ducts & Airflow Dampers
26.25,54.44,1005.87,3176.7,100.51,61.34,0.26,0.029,23.491,Methane Accumulation,Critical Danger,Immediate Evacuation & Cut Power Supply
23.64,60.82,1011.78,203.76,61.74,82.26,3.44,0.017,-0.035,Worker Fall / Distress,High Risk,Dispatch Medical Team & Locate Worker via LoRa Beacon
23.95,58.88,1011.14,203.77,119.43,101.45,3.92,0.078,-0.06,Roof Fall / Rock Burst Risk,Critical Danger,Immediate Tunnel Evacuation: Structural Collapse Threat
25.09,58.48,1009.69,162.31,51.79,87.47,4.71,-0.025,-1.166,Worker Fall / Distress,High Risk,Dispatch Medical Team & Locate Worker via LoRa Beacon
27.21,61.49,1003.72,4740.79,81.55,67.49,0.12,0.16,76.312,Methane Accumulation,Critical Danger,Immediate Evacuation & Cut Power Supply
20.02,67.3,1008.65,135.04,110.78,112.61,4.08,-0.032,-0.445,Roof Fall / Rock Burst Risk,Critical Danger,Immediate Tunnel Evacuation: Structural Collapse Threat
28.59,55.47,1016.93,3940.64,107.11,68.75,0.2,0.232,19.664,Methane Accumulation,Critical Danger,Immediate Evacuation & Cut Power Supply
22.69,61.35,1009.4,2768.15,125.94,63.07,0.26,0.172,79.329,Methane Accumulation,Critical Danger,Immediate Evacuation & Cut Power Supply
50.74,28.27,1008.44,423.93,534.11,72.27,0.24,3.314,7.529,Spontaneous Combustion / Fire,Critical Danger,Trigger Automated Fire Suppression & Evacuate
32.88,90.35,1006.9,186.82,537.46,39.72,0.08,0.086,3.365,Toxic Gas / Poor Ventilation,High Risk,Activate Auxiliary Air Scrubbers & Ventilate
25.15,72.49,1014.07,68.7,117.05,75.77,6,-0.01,0.239,Worker Fall / Distress,High Risk,Dispatch Medical Team & Locate Worker via LoRa Beacon
22.85,63.66,1015,214.38,104.37,113.04,4.95,-0.041,-0.006,Roof Fall / Rock Burst Risk,Critical Danger,Immediate Tunnel Evacuation: Structural Collapse Threat
27.37,53.25,1000.99,4382.2,78.42,71.03,0.35,0.082,62.535,Methane Accumulation,Critical Danger,Immediate Evacuation & Cut Power Supply
27.87,57.58,1014.02,4253.45,88.09,58.09,0.15,0.173,31.711,Methane Accumulation,Critical Danger,Immediate Evacuation & Cut Power Supply
27.21,51.62,1010.63,152.35,91.73,99.92,2.73,0.019,0.902,Roof Fall / Rock Burst Risk,Critical Danger,Immediate Tunnel Evacuation: Structural Collapse Threat
24.73,54.79,1013.5,146.34,82.56,57.49,0.12,-0.043,-0.554,Normal,Safe,Maintain Regular Monitoring
22.73,61.43,1014.5,45.29,34.88,55.98,0.09,-0.017,1.63,Normal,Safe,Maintain Regular Monitoring
26.28,64.84,1007.41,2816.86,117.86,60.6,0.12,0.21,60.638,Methane Accumulation,Critical Danger,Immediate Evacuation & Cut Power Supply
27.15,61.67,1012.6,158.84,61.5,57.11,0.2,-0.022,-0.311,Normal,Safe,Maintain Regular Monitoring
23.47,66.08,1009.66,143.31,58.98,53.04,0.23,0.042,-1.332,Normal,Safe,Maintain Regular Monitoring
23.13,66.85,1015.18,47.93,33.57,48.81,0.06,-0.008,-0.77,Normal,Safe,Maintain Regular Monitoring
22.38,69.81,1015.87,105.3,91.69,54.8,0.13,0.021,1.135,Normal,Safe,Maintain Regular Monitoring
27.42,61.16,1016.33,79.67,62.94,48.65,0.24,0.039,-0.69,Normal,Safe,Maintain Regular Monitoring
22.59,66.42,1014.04,104.92,112.06,94.3,3.91,-0.094,-0.193,Worker Fall / Distress,High Risk,Dispatch Medical Team & Locate Worker via LoRa Beacon
24.32,54.89,1011.86,928.53,134.95,61.07,0.21,0.249,82.823,Methane Accumulation,Critical Danger,Immediate Evacuation & Cut Power Supply
29.19,65.82,1009.65,3571.02,177.4,62.44,0.27,0.11,36.244,Methane Accumulation,Critical Danger,Immediate Evacuation & Cut Power Supply
53.23,33.93,1013.55,728.35,334.7,70.54,0.21,2.263,4.825,Spontaneous Combustion / Fire,Critical Danger,Trigger Automated Fire Suppression & Evacuate
26.59,56.34,1009.16,49.11,79.34,63.25,0.2,-0.037,-0.333,Normal,Safe,Maintain Regular Monitoring
25.86,57.34,1014.73,66.91,77.33,80.84,4.74,-0.052,1.113,Worker Fall / Distress,High Risk,Dispatch Medical Team & Locate Worker via LoRa Beacon
24.19,63.15,1013.97,142.9,96.42,106.27,3.4,0.082,2.469,Roof Fall / Rock Burst Risk,Critical Danger,Immediate Tunnel Evacuation: Structural Collapse Threat
24.84,55.65,1016.09,78.04,81.67,47.89,0.2,0.004,1.727,Normal,Safe,Maintain Regular Monitoring
27.61,61.61,1005.94,1124.85,129.56,46.48,0.32,0.172,26.93,Methane Accumulation,High Risk,Boost Ventilation Fan Speed & Alert Sector
30.47,92.84,1003.53,325.91,236.28,41.61,0.05,0.111,2.516,Toxic Gas / Poor Ventilation,Moderate Risk,Inspect Ventilation Ducts & Airflow Dampers
24.07,69.74,1006.14,164.01,81.3,94.24,4.18,-0.058,1.857,Worker Fall / Distress,High Risk,Dispatch Medical Team & Locate Worker via LoRa Beacon
26.96,55.67,1011.13,3081.82,126.19,69.39,0.32,0.268,71.928,Methane Accumulation,Critical Danger,Immediate Evacuation & Cut Power Supply
50.14,37.16,1012.02,984.98,645.96,66,0.19,1.017,3.565,Spontaneous Combustion / Fire,Critical Danger,Trigger Automated Fire Suppression & Evacuate
26.22,61.62,1008.22,168.91,65.1,71.29,0.15,0.095,-0.633,Normal,Safe,Maintain Regular Monitoring
26.64,65.45,1006.69,102.11,112.56,92.21,6.01,0.077,-0.395,Worker Fall / Distress,High Risk,Dispatch Medical Team & Locate Worker via LoRa Beacon
23.69,69.67,1013,202.24,81.89,58.01,0.24,0.082,0.191,Normal,Safe,Maintain Regular Monitoring
28.21,64.38,1009.42,287.73,45.47,92.46,4.2,0.034,-2.729,Worker Fall / Distress,High Risk,Dispatch Medical Team & Locate Worker via LoRa Beacon
39.78,35.16,1010.02,413.99,313.79,67.66,0.39,2.336,10.932,Spontaneous Combustion / Fire,High Risk,Dispatch Fire Inspection Team & Seal Airflow
50,41.79,1005.21,817.47,426.75,64.82,0.41,2.9,4.452,Spontaneous Combustion / Fire,Critical Danger,Trigger Automated Fire Suppression & Evacuate
27.4,64.25,1011.1,4063.86,70.54,77.11,0.14,0.201,60.485,Methane Accumulation,Critical Danger,Immediate Evacuation & Cut Power Supply
28.34,60.32,1012.28,81.29,42.9,46.81,0.18,0.094,0.103,Normal,Safe,Maintain Regular Monitoring
23.32,63.92,1013.36,147.03,93.07,60.61,0.12,-0.02,-0.064,Normal,Safe,Maintain Regular Monitoring
23.96,59.77,1013.86,113.67,54.78,51.7,0.08,-0.044,0.124,Normal,Safe,Maintain Regular Monitoring
22.86,60.33,1008.04,106.55,37.63,54.73,0.12,0.065,0.987,Normal,Safe,Maintain Regular Monitoring
24.86,60.01,1013.14,216.89,81.85,119.42,4.61,0.038,0.66,Roof Fall / Rock Burst Risk,Critical Danger,Immediate Tunnel Evacuation: Structural Collapse Threat
28.83,60.8,1010.7,2027.66,87.9,64.79,0.3,0.234,60.156,Methane Accumulation,Critical Danger,Immediate Evacuation & Cut Power Supply
21.94,57.13,1013.89,128.45,63.84,51.91,0.06,0.027,2.259,Normal,Safe,Maintain Regular Monitoring
28.07,67.71,1017.31,251.96,94.95,75.62,5.22,-0.101,1.389,Worker Fall / Distress,High Risk,Dispatch Medical Team & Locate Worker via LoRa Beacon
32.35,95.57,1008.05,209.19,533.37,45.54,0.13,0.031,-0.623,Toxic Gas / Poor Ventilation,High Risk,Activate Auxiliary Air Scrubbers & Ventilate
26.89,70.92,1012.17,81.19,129.63,92.43,3.27,-0.028,1.33,Worker Fall / Distress,High Risk,Dispatch Medical Team & Locate Worker via LoRa Beacon
22.78,76.82,1009.8,141.68,69.03,80.61,3.68,-0.023,1.025,Worker Fall / Distress,High Risk,Dispatch Medical Team & Locate Worker via LoRa Beacon
26.09,60.88,1022.51,210.24,87.12,47.34,0.24,-0.051,-1.205,Normal,Safe,Maintain Regular Monitoring
26.59,59.04,1011.4,4677.6,162.81,68.06,0.16,0.072,78.417,Methane Accumulation,Critical Danger,Immediate Evacuation & Cut Power Supply
22.82,57.1,1013.24,240.04,119.47,90.95,4.73,0.031,-2.189,Roof Fall / Rock Burst Risk,Critical Danger,Immediate Tunnel Evacuation: Structural Collapse Threat
23.33,60.54,1012.36,82.45,72.95,90.5,3.18,-0.022,-0.439,Roof Fall / Rock Burst Risk,Critical Danger,Immediate Tunnel Evacuation: Structural Collapse Threat
22.56,63.9,1014.91,89.08,53.56,53.11,0.12,0.097,2.442,Normal,Safe,Maintain Regular Monitoring
34.32,82.7,1003.73,307.23,221.16,44.56,0.16,0.097,0.621,Toxic Gas / Poor Ventilation,Moderate Risk,Inspect Ventilation Ducts & Airflow Dampers
25.58,62.9,1012.01,91.88,55.52,47.26,0.14,0.016,1.176,Normal,Safe,Maintain Regular Monitoring
24.02,63.74,1006.66,117.41,52.52,62.66,0.15,0.097,0.418,Normal,Safe,Maintain Regular Monitoring
39.33,40.23,1011.85,528.03,371.37,65.38,0.33,1.296,4.849,Spontaneous Combustion / Fire,High Risk,Dispatch Fire Inspection Team & Seal Airflow
45.17,35.07,1018.54,731.67,520.92,72.27,0.24,1.141,9.608,Spontaneous Combustion / Fire,Critical Danger,Trigger Automated Fire Suppression & Evacuate
54.72,33.14,1009.86,703.33,523.37,49.84,0.16,2.748,2.62,Spontaneous Combustion / Fire,Critical Danger,Trigger Automated Fire Suppression & Evacuate
26.82,61.38,1009.71,215.84,85.48,63.54,0.09,0.023,1.336,Normal,Safe,Maintain Regular Monitoring
33.97,86.79,1000.42,215.9,373.86,38.59,0.1,0.056,3.828,Toxic Gas / Poor Ventilation,High Risk,Activate Auxiliary Air Scrubbers & Ventilate
23.76,63.75,1009.51,67.51,68,52.88,0.1,0.009,1.164,Normal,Safe,Maintain Regular Monitoring
25.26,64.96,1016.98,129.33,92.37,62.11,0.16,0.073,0.116,Normal,Safe,Maintain Regular Monitoring
30.67,92.89,1006.99,297.82,512.33,42.85,0.09,0.043,2.982,Toxic Gas / Poor Ventilation,High Risk,Activate Auxiliary Air Scrubbers & Ventilate
19.8,66.2,1014.68,88.76,119.13,89.48,3.83,-0.064,0.849,Worker Fall / Distress,High Risk,Dispatch Medical Team & Locate Worker via LoRa Beacon
29.29,85.82,1011.42,272.7,447.74,46.94,0.11,0.11,2.567,Toxic Gas / Poor Ventilation,High Risk,Activate Auxiliary Air Scrubbers & Ventilate
32.33,93.02,1008.15,334.47,489.6,45.65,0.07,0.023,-3.339,Toxic Gas / Poor Ventilation,High Risk,Activate Auxiliary Air Scrubbers & Ventilate
51.34,37.52,1012.5,960.7,531.91,60.66,0.45,3.073,9.89,Spontaneous Combustion / Fire,Critical Danger,Trigger Automated Fire Suppression & Evacuate
43.26,38.71,1012.4,366.54,467.7,69.2,0.34,1.854,6.985,Spontaneous Combustion / Fire,Critical Danger,Trigger Automated Fire Suppression & Evacuate
22.44,59.32,1014.62,61.94,52.95,55.43,0.05,0.074,-0.209,Normal,Safe,Maintain Regular Monitoring
27.66,56.78,1009.87,2214.51,161.35,60.96,0.31,0.246,28.355,Methane Accumulation,High Risk,Boost Ventilation Fan Speed & Alert Sector
28.11,66.5,1005.58,1370.5,115.96,54.46,0.15,0.202,55.157,Methane Accumulation,Critical Danger,Immediate Evacuation & Cut Power Supply
23.98,62.06,1015.8,125.07,32.58,51.46,0.16,0.014,0.899,Normal,Safe,Maintain Regular Monitoring
21.18,69.72,1007.27,97.22,68.37,96.54,4.91,0.02,1.311,Roof Fall / Rock Burst Risk,Critical Danger,Immediate Tunnel Evacuation: Structural Collapse Threat
28.54,60.22,1009.84,922.94,77.44,77.68,0.32,0.165,77.374,Methane Accumulation,Critical Danger,Immediate Evacuation & Cut Power Supply
26.13,68.39,1014.37,121,54.87,49.31,0.25,0.026,-0.386,Normal,Safe,Maintain Regular Monitoring
23.37,74.54,1018.62,125.72,77.41,60.86,0.05,0.029,1.362,Normal,Safe,Maintain Regular Monitoring
24.68,61.05,1005.71,256.68,55.95,90.22,4.72,0.007,1.297,Roof Fall / Rock Burst Risk,Critical Danger,Immediate Tunnel Evacuation: Structural Collapse Threat
26.77,62.27,1010.53,61.9,53.9,67.62,0.2,0.033,2.514,Normal,Safe,Maintain Regular Monitoring
28.61,94.97,996.5,338.87,439.1,40.95,0.16,-0.005,-0.764,Toxic Gas / Poor Ventilation,High Risk,Activate Auxiliary Air Scrubbers & Ventilate
25.82,69.29,1005.49,4663.56,167.11,62.81,0.17,0.125,72.964,Methane Accumulation,Critical Danger,Immediate Evacuation & Cut Power Supply
26.8,49.9,1001.55,3180.87,123.19,62.06,0.21,-0.008,15.092,Methane Accumulation,Critical Danger,Immediate Evacuation & Cut Power Supply
42.77,33.57,1010.98,584.43,280.65,81.66,0.34,2.97,6.52,Spontaneous Combustion / Fire,High Risk,Dispatch Fire Inspection Team & Seal Airflow
31.63,93.35,1005.31,278.31,448.54,44.08,0.1,-0.003,2.069,Toxic Gas / Poor Ventilation,High Risk,Activate Auxiliary Air Scrubbers & Ventilate
22.42,58.62,1009.45,141.97,79,62.32,0.25,-0.063,2.36,Normal,Safe,Maintain Regular Monitoring
54.38,42.6,1007.34,648.08,616.44,72.36,0.3,2.645,7.879,Spontaneous Combustion / Fire,Critical Danger,Trigger Automated Fire Suppression & Evacuate
54.53,33.69,1006.48,836.68,556.71,69.41,0.16,2.625,6.147,Spontaneous Combustion / Fire,Critical Danger,Trigger Automated Fire Suppression & Evacuate
24.12,56.98,1012.12,102.33,80.64,63.14,0.05,0.03,1.052,Normal,Safe,Maintain Regular Monitoring
28.24,93.46,1006.41,289.99,352.75,50.46,0.1,-0.057,1.469,Toxic Gas / Poor Ventilation,High Risk,Activate Auxiliary Air Scrubbers & Ventilate
26.07,59.52,1011.79,222.33,46.04,90.33,3.63,-0.033,-0.027,Roof Fall / Rock Burst Risk,Critical Danger,Immediate Tunnel Evacuation: Structural Collapse Threat
39.53,29.54,1012.31,937.59,428.17,61.67,0.3,0.888,2.693,Spontaneous Combustion / Fire,Critical Danger,Trigger Automated Fire Suppression & Evacuate
29.8,89.61,1007.59,267.64,250.23,48.93,0.09,0.168,1.19,Toxic Gas / Poor Ventilation,Moderate Risk,Inspect Ventilation Ducts & Airflow Dampers
33.17,94.7,1011.91,426.31,391.94,45.16,0.08,0.044,2.451,Toxic Gas / Poor Ventilation,High Risk,Activate Auxiliary Air Scrubbers & Ventilate
24.62,58.81,1012.02,181.03,67.02,90.44,5.01,-0.033,0.779,Roof Fall / Rock Burst Risk,Critical Danger,Immediate Tunnel Evacuation: Structural Collapse Threat
30.57,92.65,1006.87,295.61,278.37,39.74,0.09,0.044,-0.223,Toxic Gas / Poor Ventilation,Moderate Risk,Inspect Ventilation Ducts & Airflow Dampers
21.33,61.79,1008.59,221.1,66.6,108.11,4.23,0.019,-1.351,Roof Fall / Rock Burst Risk,Critical Danger,Immediate Tunnel Evacuation: Structural Collapse Threat
28.01,71.88,1012.06,237.96,48.3,101.09,4.44,-0.065,-0.56,Roof Fall / Rock Burst Risk,Critical Danger,Immediate Tunnel Evacuation: Structural Collapse Threat
45.05,40.06,1010,427.22,294.91,68.24,0.16,2.309,7.446,Spontaneous Combustion / Fire,Critical Danger,Trigger Automated Fire Suppression & Evacuate
26.3,59.09,1009.37,141.94,119.24,100.72,4.39,0.045,1.624,Roof Fall / Rock Burst Risk,Critical Danger,Immediate Tunnel Evacuation: Structural Collapse Threat
24.09,65.57,1016.64,196.52,48.75,63.57,0.18,-0.008,-0.842,Normal,Safe,Maintain Regular Monitoring
31.5,92.45,1008.29,318.8,238.32,40.6,0.07,0.085,-2.207,Toxic Gas / Poor Ventilation,Moderate Risk,Inspect Ventilation Ducts & Airflow Dampers
31.53,84.84,1004.91,410.2,498.58,45.16,0.14,0.077,2.196,Toxic Gas / Poor Ventilation,High Risk,Activate Auxiliary Air Scrubbers & Ventilate
22.74,65.84,1011.62,61.29,88.28,61.2,0.15,-0.045,2.203,Normal,Safe,Maintain Regular Monitoring
34.63,82.58,999.78,425.66,417.09,49.3,0.09,0.138,0.833,Toxic Gas / Poor Ventilation,High Risk,Activate Auxiliary Air Scrubbers & Ventilate
26.27,49.95,1017.27,157.91,29.18,50.42,0.15,0.037,1.043,Normal,Safe,Maintain Regular Monitoring
27.52,61.03,1014.43,81.56,57.52,53.17,0.07,-0.03,0.895,Normal,Safe,Maintain Regular Monitoring
26.11,57.35,1010.21,141.65,46.15,101.36,4.08,0.011,-2.112,Roof Fall / Rock Burst Risk,Critical Danger,Immediate Tunnel Evacuation: Structural Collapse Threat
23.42,60.36,1011.73,63.71,70.1,47.95,0.18,-0.014,-2.223,Normal,Safe,Maintain Regular Monitoring
32.15,88.88,1001.09,241.05,400.08,47.37,0.04,-0.005,0.894,Toxic Gas / Poor Ventilation,High Risk,Activate Auxiliary Air Scrubbers & Ventilate
29.3,89.85,1004.46,324.9,260,48.72,0.14,-0.007,2.149,Toxic Gas / Poor Ventilation,Moderate Risk,Inspect Ventilation Ducts & Airflow Dampers
26.01,64.29,1009.24,1075.86,141.64,58.02,0.23,0.207,57.666,Methane Accumulation,Critical Danger,Immediate Evacuation & Cut Power Supply
23.4,57.84,1011.72,217.64,50.38,56.57,0.06,-0.027,-0.611,Normal,Safe,Maintain Regular Monitoring
25.53,66.32,1018.3,212.93,77.87,51.12,0.22,0.121,0.553,Normal,Safe,Maintain Regular Monitoring
41.44,40.01,1007.11,625.29,463.43,59.59,0.28,2.132,4.986,Spontaneous Combustion / Fire,Critical Danger,Trigger Automated Fire Suppression & Evacuate
25.88,57.12,1010.34,86.05,107.44,77.63,6.34,0.024,-0.97,Worker Fall / Distress,High Risk,Dispatch Medical Team & Locate Worker via LoRa Beacon
42.37,38.47,1014.2,317.27,274.13,71.65,0.3,0.829,8.735,Spontaneous Combustion / Fire,High Risk,Dispatch Fire Inspection Team & Seal Airflow
23.39,63.93,1005.08,90.21,34.98,49.2,0.1,-0.021,1.89,Normal,Safe,Maintain Regular Monitoring
56.08,32.04,1008.45,711.51,512.97,49.33,0.21,2.118,6.012,Spontaneous Combustion / Fire,Critical Danger,Trigger Automated Fire Suppression & Evacuate
53.5,43.27,1013.09,363.9,260.72,68.54,0.41,0.957,7.265,Spontaneous Combustion / Fire,Critical Danger,Trigger Automated Fire Suppression & Evacuate
26.78,69.63,1012.37,97.57,59.24,101.82,4.74,0.051,-0.272,Roof Fall / Rock Burst Risk,Critical Danger,Immediate Tunnel Evacuation: Structural Collapse Threat
25.8,63.04,1010.35,126.96,46.54,66.99,0.05,0.021,0.717,Normal,Safe,Maintain Regular Monitoring
26.22,63.82,1010.9,225.44,60.87,115.17,2.72,-0.006,0.219,Roof Fall / Rock Burst Risk,Critical Danger,Immediate Tunnel Evacuation: Structural Collapse Threat
40.33,43.16,1008.18,795.02,644.86,63.83,0.39,2.533,8.69,Spontaneous Combustion / Fire,Critical Danger,Trigger Automated Fire Suppression & Evacuate
26.32,66.61,1015.63,171.84,97.3,77.45,3.8,-0.067,0.591,Worker Fall / Distress,High Risk,Dispatch Medical Team & Locate Worker via LoRa Beacon
21.6,68.33,1011.18,146.21,50,63.12,0.24,0.015,1.472,Normal,Safe,Maintain Regular Monitoring
47.8,42.84,1012.29,858.88,679.03,70.3,0.25,3.049,8.976,Spontaneous Combustion / Fire,Critical Danger,Trigger Automated Fire Suppression & Evacuate
22.27,72.2,1012.63,112.45,96.29,79.8,6.47,0.007,-1.553,Worker Fall / Distress,High Risk,Dispatch Medical Team & Locate Worker via LoRa Beacon
24.28,69.72,1009.64,69.67,86.08,49.89,0.05,0.045,0.916,Normal,Safe,Maintain Regular Monitoring
24.16,67.98,1016.45,247.86,107.15,71.27,6.15,0.015,-1.503,Worker Fall / Distress,High Risk,Dispatch Medical Team & Locate Worker via LoRa Beacon
22.91,66.27,1011.97,90.38,114.98,107.93,4.18,0.028,1.459,Roof Fall / Rock Burst Risk,Critical Danger,Immediate Tunnel Evacuation: Structural Collapse Threat
24.67,57.96,1013.03,154.96,26.7,59.74,0.13,0.046,-1.28,Normal,Safe,Maintain Regular Monitoring
25.13,73.1,1012.68,219.54,65.84,54,0.11,0.055,0.32,Normal,Safe,Maintain Regular Monitoring
27.22,66.32,1008.5,202.28,79,89.38,4.03,0.03,0.963,Roof Fall / Rock Burst Risk,Critical Danger,Immediate Tunnel Evacuation: Structural Collapse Threat
23.68,64.51,1012.21,59.47,85.67,57.89,0.1,0.009,-1.477,Normal,Safe,Maintain Regular Monitoring
55.75,30.99,1008.09,937.3,643.32,73.97,0.28,1.786,10.022,Spontaneous Combustion / Fire,Critical Danger,Trigger Automated Fire Suppression & Evacuate
28.03,63.57,1010.07,197.3,42.51,55.45,0.2,-0.029,-0.886,Normal,Safe,Maintain Regular Monitoring
42.82,42.96,1013.5,511.27,538.32,69.04,0.38,1.209,6.006,Spontaneous Combustion / Fire,Critical Danger,Trigger Automated Fire Suppression & Evacuate
20.53,60.69,1016.73,75.46,76.64,59.25,0.17,0.06,-1.294,Normal,Safe,Maintain Regular Monitoring
34.85,90.34,1003.34,168.11,481.18,38.49,0.14,0.187,1.102,Toxic Gas / Poor Ventilation,High Risk,Activate Auxiliary Air Scrubbers & Ventilate
21.93,59.02,1018.85,141.78,82.1,77.79,4.65,0.046,-1.955,Worker Fall / Distress,High Risk,Dispatch Medical Team & Locate Worker via LoRa Beacon
21.49,65.02,1015.33,65.23,101.16,83.7,3.76,-0.003,-0.468,Worker Fall / Distress,High Risk,Dispatch Medical Team & Locate Worker via LoRa Beacon
27.27,68.27,1010.39,194.93,111.86,109.42,4.32,0.032,1.528,Roof Fall / Rock Burst Risk,Critical Danger,Immediate Tunnel Evacuation: Structural Collapse Threat
24.53,58.13,1013.8,139.35,94,47.78,0.09,0.094,1.411,Normal,Safe,Maintain Regular Monitoring
26.67,66.94,1015.9,169.75,55.25,106.79,3.19,-0.033,1.421,Roof Fall / Rock Burst Risk,Critical Danger,Immediate Tunnel Evacuation: Structural Collapse Threat
23.72,60.15,1012.98,49.64,98.12,60.66,0.2,0.042,0.006,Normal,Safe,Maintain Regular Monitoring
20.3,59.06,1010.54,185.38,62.95,51.16,0.17,-0.091,1.706,Normal,Safe,Maintain Regular Monitoring
23.79,56.57,1013.51,187.99,72.64,56.5,0.23,-0.013,0.203,Normal,Safe,Maintain Regular Monitoring
26.15,58.29,1010.13,3433.08,134.18,49.71,0.17,0.376,18.397,Methane Accumulation,Critical Danger,Immediate Evacuation & Cut Power Supply
26.72,68.26,1015.47,123.87,41.79,115.5,3.47,0.065,-0.429,Roof Fall / Rock Burst Risk,Critical Danger,Immediate Tunnel Evacuation: Structural Collapse Threat
24.39,63.09,1010.42,224.85,113.5,118.49,4.93,0.012,1.096,Roof Fall / Rock Burst Risk,Critical Danger,Immediate Tunnel Evacuation: Structural Collapse Threat
28.3,56.32,1005.22,1771.35,131.8,55.16,0.18,0.184,76.174,Methane Accumulation,Critical Danger,Immediate Evacuation & Cut Power Supply
22.36,67.03,1013.76,86.03,54.09,61.66,0.2,0.05,0.332,Normal,Safe,Maintain Regular Monitoring
26.52,66.47,1007.75,86.58,66,75.2,4.51,0.056,1.602,Worker Fall / Distress,High Risk,Dispatch Medical Team & Locate Worker via LoRa Beacon
28.96,67.62,1006.62,1361.63,171.16,56.91,0.29,0.141,82.663,Methane Accumulation,Critical Danger,Immediate Evacuation & Cut Power Supply
24.79,67.77,1009.62,1895.13,95.21,67.46,0.27,0.304,53.684,Methane Accumulation,Critical Danger,Immediate Evacuation & Cut Power Supply
27.44,64.21,1010.68,185.08,59.21,57.5,0.25,-0.075,-1.558,Normal,Safe,Maintain Regular Monitoring
25.78,66.18,1011.18,138.31,88.7,117.79,4.8,0.079,0.028,Roof Fall / Rock Burst Risk,Critical Danger,Immediate Tunnel Evacuation: Structural Collapse Threat
23.12,66.07,1011.91,202.04,72.58,88.89,3.72,0,1.819,Roof Fall / Rock Burst Risk,Critical Danger,Immediate Tunnel Evacuation: Structural Collapse Threat
26.14,61.19,1010.22,201.3,80.19,58.04,0.08,-0.016,1.422,Normal,Safe,Maintain Regular Monitoring
22.84,66.25,1013.82,91.17,51.23,53.02,0.15,0.095,-0.619,Normal,Safe,Maintain Regular Monitoring
25.37,70.6,1012.28,89.97,89.31,111.29,2.47,-0.005,-0.383,Roof Fall / Rock Burst Risk,Critical Danger,Immediate Tunnel Evacuation: Structural Collapse Threat
48.91,46.3,1013.28,522.57,597.21,73.49,0.39,3.311,3.179,Spontaneous Combustion / Fire,Critical Danger,Trigger Automated Fire Suppression & Evacuate
25.9,63.47,1012.61,83.42,45.25,56.04,0.22,-0.071,1.539,Normal,Safe,Maintain Regular Monitoring
28.69,53.56,1011.89,88.62,76.82,70.71,3.9,-0.096,-1.591,Worker Fall / Distress,High Risk,Dispatch Medical Team & Locate Worker via LoRa Beacon
24.69,59.33,1010.79,211.28,33,62.74,0.2,-0.015,0.309,Normal,Safe,Maintain Regular Monitoring
30.57,59.01,1002.69,3848.41,164.12,57.99,0.33,0.212,40.419,Methane Accumulation,Critical Danger,Immediate Evacuation & Cut Power Supply
19.1,70.16,1009.5,141.52,78.53,80.09,5.55,0.012,0.604,Worker Fall / Distress,High Risk,Dispatch Medical Team & Locate Worker via LoRa Beacon
30.02,59.08,1005.84,1227.87,74.55,63.38,0.21,0.147,41.891,Methane Accumulation,High Risk,Boost Ventilation Fan Speed & Alert Sector
56.01,44.74,1013.25,815.29,342.73,65.76,0.32,0.973,3.362,Spontaneous Combustion / Fire,Critical Danger,Trigger Automated Fire Suppression & Evacuate
25.78,62.79,1003.5,3282.37,136.09,56.42,0.12,0.065,30.852,Methane Accumulation,Critical Danger,Immediate Evacuation & Cut Power Supply
25.69,63.17,1012.31,220.36,30.82,59.98,0.13,-0.023,2.854,Normal,Safe,Maintain Regular Monitoring
23.02,57.84,1012.96,251.67,81.27,75,5.88,-0.006,-0.424,Worker Fall / Distress,High Risk,Dispatch Medical Team & Locate Worker via LoRa Beacon
25.99,65.25,1006.77,1370.56,84.67,47.65,0.24,0.195,46.615,Methane Accumulation,High Risk,Boost Ventilation Fan Speed & Alert Sector
31.04,83.57,1006.03,415.76,289.79,39.59,0.05,0.027,4.052,Toxic Gas / Poor Ventilation,Moderate Risk,Inspect Ventilation Ducts & Airflow Dampers
25.88,69.39,1010.06,174.29,69.29,53.68,0.11,0,-1.441,Normal,Safe,Maintain Regular Monitoring
25.23,62.82,1012.29,90.22,81.49,60.38,0.15,0.027,1.341,Normal,Safe,Maintain Regular Monitoring
24.72,56.55,1008.9,73.67,83.48,53.89,0.09,-0.038,-0.644,Normal,Safe,Maintain Regular Monitoring
55.89,32.61,1011.58,497.69,611.42,65.03,0.3,1.028,11.853,Spontaneous Combustion / Fire,Critical Danger,Trigger Automated Fire Suppression & Evacuate
26.93,50.85,1010.21,3076.68,79.22,59.17,0.18,0.284,17.456,Methane Accumulation,Critical Danger,Immediate Evacuation & Cut Power Supply
32.56,89.49,1008.55,200.36,213.29,39.03,0.07,0.043,1.006,Toxic Gas / Poor Ventilation,Moderate Risk,Inspect Ventilation Ducts & Airflow Dampers
25.95,54.3,1005.79,3812.83,94.53,53.43,0.23,0.333,80.371,Methane Accumulation,Critical Danger,Immediate Evacuation & Cut Power Supply
25,61.66,1012.81,126.45,75.79,87.01,6.14,0.054,-1.12,Worker Fall / Distress,High Risk,Dispatch Medical Team & Locate Worker via LoRa Beacon
23.18,57.7,1011.03,79.73,43.86,53.63,0.22,0.028,-1.34,Normal,Safe,Maintain Regular Monitoring
32.03,93.51,1002.63,383.6,512.6,50.99,0.07,0.029,0.918,Toxic Gas / Poor Ventilation,High Risk,Activate Auxiliary Air Scrubbers & Ventilate
24.19,68.28,1010.82,138.84,111.07,88.87,3.18,0.005,0.111,Roof Fall / Rock Burst Risk,Critical Danger,Immediate Tunnel Evacuation: Structural Collapse Threat
24.35,61.32,1009.88,237.97,74.88,97.31,3.8,-0.007,-0.438,Roof Fall / Rock Burst Risk,Critical Danger,Immediate Tunnel Evacuation: Structural Collapse Threat
31.82,85.33,1004.62,381.6,532.4,39.62,0.09,0.212,-0.746,Toxic Gas / Poor Ventilation,High Risk,Activate Auxiliary Air Scrubbers & Ventilate
24.1,66.95,1014.11,167.2,83.02,90.02,3.69,0.024,1.583,Roof Fall / Rock Burst Risk,Critical Danger,Immediate Tunnel Evacuation: Structural Collapse Threat
41.84,41.35,1012.4,664.43,395.34,53.21,0.37,3.186,2.052,Spontaneous Combustion / Fire,High Risk,Dispatch Fire Inspection Team & Seal Airflow
24.54,65.77,1015.55,133.83,82.44,52.92,0.18,0.039,3.122,Normal,Safe,Maintain Regular Monitoring
26.55,57.8,1020.22,123.78,96.13,55.67,0.05,0.104,1.173,Normal,Safe,Maintain Regular Monitoring
26,66.45,1010.55,293.89,59.99,81.82,3.4,-0.001,-2.336,Worker Fall / Distress,High Risk,Dispatch Medical Team & Locate Worker via LoRa Beacon
36.98,34.7,1011.5,582.72,675.36,69.54,0.45,2.938,11.934,Spontaneous Combustion / Fire,Critical Danger,Trigger Automated Fire Suppression & Evacuate
22.13,63.94,1013.53,205.35,48.84,103,4.55,0.086,0.25,Roof Fall / Rock Burst Risk,Critical Danger,Immediate Tunnel Evacuation: Structural Collapse Threat
25.3,65.1,1007.55,1680.23,173.85,70.42,0.2,0.231,41.731,Methane Accumulation,High Risk,Boost Ventilation Fan Speed & Alert Sector
27.4,63.75,1017.05,129.99,83.11,56.33,0.2,-0.038,0.693,Normal,Safe,Maintain Regular Monitoring
27.41,68.72,1015.15,186.01,101.03,52.6,0.12,0.017,0.338,Normal,Safe,Maintain Regular Monitoring
24.87,61.57,1012.65,116.59,47.43,90.15,2.71,0.03,0.276,Roof Fall / Rock Burst Risk,Critical Danger,Immediate Tunnel Evacuation: Structural Collapse Threat
25.89,55.42,1008.39,1829.11,99.21,56.03,0.35,0.265,55.039,Methane Accumulation,Critical Danger,Immediate Evacuation & Cut Power Supply
25.39,63.74,1015.86,217.73,66.97,60.62,0.25,0.007,-2.453,Normal,Safe,Maintain Regular Monitoring
26.72,67.03,1007.63,3399.6,75.37,59.18,0.29,0.203,37.982,Methane Accumulation,Critical Danger,Immediate Evacuation & Cut Power Supply
27.06,61.33,1009.04,102.2,93.96,58.03,0.11,0.052,-0.112,Normal,Safe,Maintain Regular Monitoring
50.95,32.72,1010.45,698.92,628.81,51.45,0.26,3.253,6.414,Spontaneous Combustion / Fire,Critical Danger,Trigger Automated Fire Suppression & Evacuate
24.79,62.46,1012.86,108.89,64.86,53.72,0.23,0.019,1.145,Normal,Safe,Maintain Regular Monitoring
25.36,62.74,1008.99,239.73,118.07,106.97,3.72,0.064,0.899,Roof Fall / Rock Burst Risk,Critical Danger,Immediate Tunnel Evacuation: Structural Collapse Threat
21.48,53.01,1011.55,53.72,62.08,64.64,0.13,0.095,1.932,Normal,Safe,Maintain Regular Monitoring
26.44,61.84,1007.94,2586.49,147.95,63.17,0.31,0.157,80.972,Methane Accumulation,Critical Danger,Immediate Evacuation & Cut Power Supply
21.92,72.96,1009.66,197.75,80.42,52.61,0.08,-0.037,1.847,Normal,Safe,Maintain Regular Monitoring
24.98,65.19,1015.64,77.7,99.66,56.94,0.06,0.085,1.275,Normal,Safe,Maintain Regular Monitoring
28.4,64.34,1007.38,3572.67,110.57,64.55,0.34,0.199,44.963,Methane Accumulation,Critical Danger,Immediate Evacuation & Cut Power Supply
25.09,66.85,1002.54,1367.67,156,59.05,0.18,0.295,51.193,Methane Accumulation,Critical Danger,Immediate Evacuation & Cut Power Supply
37.01,46.91,1006.58,857.32,475.34,74.83,0.18,3.317,6.523,Spontaneous Combustion / Fire,Critical Danger,Trigger Automated Fire Suppression & Evacuate
24.51,70.7,1008.44,92.46,54.93,48.25,0.18,0.009,0.615,Normal,Safe,Maintain Regular Monitoring
23.08,55.22,1011.37,89.3,119.7,113.04,2.1,-0.003,1.63,Roof Fall / Rock Burst Risk,Critical Danger,Immediate Tunnel Evacuation: Structural Collapse Threat
34.46,90.39,1003.79,206.13,475.95,51.38,0.12,-0.04,3.527,Toxic Gas / Poor Ventilation,High Risk,Activate Auxiliary Air Scrubbers & Ventilate
27.86,60.39,1012.58,222.17,53.73,95.21,3.61,0.036,0.659,Roof Fall / Rock Burst Risk,Critical Danger,Immediate Tunnel Evacuation: Structural Collapse Threat
22.52,66.7,1011.19,174.16,71.29,48.91,0.21,-0.01,-0.071,Normal,Safe,Maintain Regular Monitoring
28.36,53.22,1005.01,4438.11,130.32,54.25,0.26,0.379,42.01,Methane Accumulation,Critical Danger,Immediate Evacuation & Cut Power Supply
26.66,54.85,1008.3,82.59,63.02,47.84,0.23,0.021,-1.18,Normal,Safe,Maintain Regular Monitoring
27.45,59.48,1014.8,185.71,88.24,56.75,0.09,0.086,1.382,Normal,Safe,Maintain Regular Monitoring
25.52,68.6,1011.82,143.98,88.87,79.59,3.2,0.009,0.906,Worker Fall / Distress,High Risk,Dispatch Medical Team & Locate Worker via LoRa Beacon
26,58.1,1016.93,128.52,36.05,55.12,0.25,0.049,0.645,Normal,Safe,Maintain Regular Monitoring
25.72,65.89,1006.28,2276.83,101.26,59.21,0.1,0.299,42.32,Methane Accumulation,High Risk,Boost Ventilation Fan Speed & Alert Sector
50.4,33.09,1007.72,749.88,567.9,67.3,0.27,1.935,2.883,Spontaneous Combustion / Fire,Critical Danger,Trigger Automated Fire Suppression & Evacuate
24.08,62.02,1020.32,250.81,45.86,108.4,3.59,-0.059,1.279,Roof Fall / Rock Burst Risk,Critical Danger,Immediate Tunnel Evacuation: Structural Collapse Threat
40.52,28.82,1010.16,821.43,378.77,74.56,0.2,1.915,6.825,Spontaneous Combustion / Fire,High Risk,Dispatch Fire Inspection Team & Seal Airflow
21.75,64.22,1013.09,58.79,84.62,46.13,0.23,-0.091,0.197,Normal,Safe,Maintain Regular Monitoring
25.19,61.91,1008.92,214.38,69.41,57.01,0.13,0.093,0.612,Normal,Safe,Maintain Regular Monitoring
27.78,54.81,1013.1,3496.3,100.94,68.56,0.23,0.103,62.829,Methane Accumulation,Critical Danger,Immediate Evacuation & Cut Power Supply
25.68,54.36,1019.55,87.2,73.41,59.73,0.11,0.084,1.758,Normal,Safe,Maintain Regular Monitoring
29.07,66.94,1001.86,1856.53,88.82,49.47,0.27,0.226,78.467,Methane Accumulation,Critical Danger,Immediate Evacuation & Cut Power Supply
24.93,67.58,1012.32,88.34,49.93,53.31,0.22,0.025,1.13,Normal,Safe,Maintain Regular Monitoring
22.92,55.59,1012.98,166.79,60.88,50.03,0.21,-0.053,-0.458,Normal,Safe,Maintain Regular Monitoring
23.38,46.96,1010.91,3970.15,74.72,46.21,0.26,0.086,82.639,Methane Accumulation,Critical Danger,Immediate Evacuation & Cut Power Supply
25.08,62.03,1012.13,92.4,26.86,50.28,0.07,0.052,0.089,Normal,Safe,Maintain Regular Monitoring
42.65,42.28,1005.62,453.17,389.75,81.48,0.33,1.747,4.149,Spontaneous Combustion / Fire,High Risk,Dispatch Fire Inspection Team & Seal Airflow
29.09,59.13,1015.25,178.45,78.46,119.44,4.25,0.009,0.735,Roof Fall / Rock Burst Risk,Critical Danger,Immediate Tunnel Evacuation: Structural Collapse Threat
31.82,89.76,1006.83,339.58,359.3,47.52,0.06,-0.066,3.073,Toxic Gas / Poor Ventilation,High Risk,Activate Auxiliary Air Scrubbers & Ventilate
23.95,56.25,1016.77,129.41,77.73,53.2,0.16,0.032,3.1,Normal,Safe,Maintain Regular Monitoring
22.88,61.9,1012.08,65.59,91.87,57.5,0.18,0.087,0.672,Normal,Safe,Maintain Regular Monitoring
25.91,66.17,1015.99,204.66,58.85,47.83,0.09,0.034,1.048,Normal,Safe,Maintain Regular Monitoring
38.32,47.64,1012.44,290.93,452.28,71.22,0.36,2.266,8.666,Spontaneous Combustion / Fire,Critical Danger,Trigger Automated Fire Suppression & Evacuate
24.09,69.74,1011.27,128.76,43.47,100.39,3.09,0.02,0.754,Roof Fall / Rock Burst Risk,Critical Danger,Immediate Tunnel Evacuation: Structural Collapse Threat
26.49,71.73,1010.77,63.49,66.01,52.05,0.19,0.089,0.619,Normal,Safe,Maintain Regular Monitoring
25.1,66.58,1007.64,204.42,129.88,75.03,4.93,0.018,-2.129,Worker Fall / Distress,High Risk,Dispatch Medical Team & Locate Worker via LoRa Beacon
21.17,66.09,1011.56,48.5,98.13,56.97,0.13,0.018,1.609,Normal,Safe,Maintain Regular Monitoring
48.63,37.84,1011.64,480.86,286.95,79.45,0.33,2.121,2.96,Spontaneous Combustion / Fire,Critical Danger,Trigger Automated Fire Suppression & Evacuate
25.7,51.65,1015.16,196.72,63.2,116.74,3.48,-0.01,0.638,Roof Fall / Rock Burst Risk,Critical Danger,Immediate Tunnel Evacuation: Structural Collapse Threat
34.63,87.02,1004.99,192.17,320.73,38.43,0.04,0.099,0.711,Toxic Gas / Poor Ventilation,Moderate Risk,Inspect Ventilation Ducts & Airflow Dampers
25.07,69.45,1011.66,118.79,41.98,113.65,2.3,0.011,0.55,Roof Fall / Rock Burst Risk,Critical Danger,Immediate Tunnel Evacuation: Structural Collapse Threat
29.61,84.21,1008.6,338.29,516.28,48.06,0.09,-0.086,2.569,Toxic Gas / Poor Ventilation,High Risk,Activate Auxiliary Air Scrubbers & Ventilate
22.22,71.43,1008.57,66.43,56.61,58.79,0.07,0.003,1.175,Normal,Safe,Maintain Regular Monitoring
29.71,86.16,1010.26,297.42,453.96,42.43,0.15,0.232,2.016,Toxic Gas / Poor Ventilation,High Risk,Activate Auxiliary Air Scrubbers & Ventilate
23.45,68.28,1016.57,125.97,86.52,64.47,0.07,0.045,-0.019,Normal,Safe,Maintain Regular Monitoring
33.19,86.6,1014.76,297.98,521.49,51.38,0.17,-0.019,-0.537,Toxic Gas / Poor Ventilation,High Risk,Activate Auxiliary Air Scrubbers & Ventilate
42.55,36.83,1006.49,777.54,570.76,57.62,0.37,2.999,2.322,Spontaneous Combustion / Fire,Critical Danger,Trigger Automated Fire Suppression & Evacuate
28.33,93.05,1014.81,165.78,296.81,46.94,0.16,0.133,1.002,Toxic Gas / Poor Ventilation,Moderate Risk,Inspect Ventilation Ducts & Airflow Dampers
28.7,67.49,1008.68,2973.62,132.02,62.57,0.33,0.21,30.277,Methane Accumulation,Critical Danger,Immediate Evacuation & Cut Power Supply
47.54,44.85,1010.66,405.53,591.73,66.25,0.33,1.322,6.734,Spontaneous Combustion / Fire,Critical Danger,Trigger Automated Fire Suppression & Evacuate
29.11,68.62,1011.59,2901.09,130.7,60.69,0.12,0.34,30.082,Methane Accumulation,Critical Danger,Immediate Evacuation & Cut Power Supply
25.26,55.98,1012.51,216.75,85.15,117.1,4.84,0.062,1.065,Roof Fall / Rock Burst Risk,Critical Danger,Immediate Tunnel Evacuation: Structural Collapse Threat
20.61,66.61,1015.32,123.4,44.6,42.91,0.06,-0.183,-0.837,Normal,Safe,Maintain Regular Monitoring
21.3,67.73,1015.99,215.22,62.94,62.52,0.08,0.009,0.219,Normal,Safe,Maintain Regular Monitoring
27.84,63.89,1014.64,205.44,95.93,54.5,0.19,0.03,-0.084,Normal,Safe,Maintain Regular Monitoring
25.6,63.4,1016.83,33.97,51.77,50.65,0.21,0.027,-1.237,Normal,Safe,Maintain Regular Monitoring
29.43,83.69,1001.68,326.21,220.65,39.49,0.12,0.052,0.203,Toxic Gas / Poor Ventilation,Moderate Risk,Inspect Ventilation Ducts & Airflow Dampers
24.64,67.92,1013.97,175.34,68.62,58.29,0.18,0.056,1.715,Normal,Safe,Maintain Regular Monitoring
26.48,57.45,1015.56,150.23,120.74,70.43,5.51,0.001,0.066,Worker Fall / Distress,High Risk,Dispatch Medical Team & Locate Worker via LoRa Beacon
23.71,53.26,1009.85,114.27,60.32,57.92,0.11,0.052,-0.83,Normal,Safe,Maintain Regular Monitoring
25.73,63.45,1020.2,69.57,54.4,50.05,0.15,0.05,1.412,Normal,Safe,Maintain Regular Monitoring
27.02,75.67,1013.25,180.83,60.32,95.82,3.88,0.007,-0.04,Roof Fall / Rock Burst Risk,Critical Danger,Immediate Tunnel Evacuation: Structural Collapse Threat
54.26,42.08,1010.04,812.55,251.64,72.02,0.41,1.571,3.571,Spontaneous Combustion / Fire,Critical Danger,Trigger Automated Fire Suppression & Evacuate
26.64,47.68,1005.1,3544.79,185.97,57.52,0.32,0.182,17.656,Methane Accumulation,Critical Danger,Immediate Evacuation & Cut Power Supply
56.96,41.29,1009.95,633.03,372.49,63.93,0.44,3.021,8.616,Spontaneous Combustion / Fire,Critical Danger,Trigger Automated Fire Suppression & Evacuate
26.01,60.35,1010.38,246.46,53.36,97.09,2.01,0.075,0.71,Roof Fall / Rock Burst Risk,Critical Danger,Immediate Tunnel Evacuation: Structural Collapse Threat
26.73,57.49,1011.71,55.08,39.83,58.41,0.15,0.002,0.082,Normal,Safe,Maintain Regular Monitoring
19.37,63.86,1011.53,268.87,124.55,71.97,4.35,0.011,0.066,Worker Fall / Distress,High Risk,Dispatch Medical Team & Locate Worker via LoRa Beacon
24.94,67.48,1010.71,273.5,122.05,85.2,5.73,-0.024,0.827,Worker Fall / Distress,High Risk,Dispatch Medical Team & Locate Worker via LoRa Beacon
54.2,41.71,1014.29,703.9,329,66.72,0.24,2.965,8.967,Spontaneous Combustion / Fire,Critical Danger,Trigger Automated Fire Suppression & Evacuate
27.52,55.75,1015.39,206.43,77.8,57.49,0.22,0.013,-0.762,Normal,Safe,Maintain Regular Monitoring
23.04,63.74,1009.68,178.7,47.43,100.83,2.88,0.092,0.659,Roof Fall / Rock Burst Risk,Critical Danger,Immediate Tunnel Evacuation: Structural Collapse Threat
23.16,64.09,1014.9,211.09,49.01,48.66,0.24,0.038,0.722,Normal,Safe,Maintain Regular Monitoring
25.34,68.35,1012.15,208.26,52.13,51.78,0.2,-0.03,-0.769,Normal,Safe,Maintain Regular Monitoring
23.76,61.87,1011.23,205.55,75.84,62,0.15,-0.078,-0.307,Normal,Safe,Maintain Regular Monitoring
26.89,67.2,1009.17,2916.47,95.83,82.94,0.28,0.214,54.954,Methane Accumulation,Critical Danger,Immediate Evacuation & Cut Power Supply
34.4,89.37,1001.75,191.12,404.74,39.28,0.07,0.051,-0.01,Toxic Gas / Poor Ventilation,High Risk,Activate Auxiliary Air Scrubbers & Ventilate
24.87,59.74,1012.47,93.93,57.94,110.9,4.84,0.022,1.835,Roof Fall / Rock Burst Risk,Critical Danger,Immediate Tunnel Evacuation: Structural Collapse Threat
29.38,61.98,1014.91,179.79,89.23,98.93,3.74,-0.012,-0.212,Roof Fall / Rock Burst Risk,Critical Danger,Immediate Tunnel Evacuation: Structural Collapse Threat
29.77,55.62,1007.66,3389.15,82.36,68.72,0.33,0.344,70.611,Methane Accumulation,Critical Danger,Immediate Evacuation & Cut Power Supply
25.13,63,1008.17,215.94,89.56,59.6,0.24,-0.001,-0.491,Normal,Safe,Maintain Regular Monitoring
28.52,58.66,1007.68,4134.24,171.95,50.57,0.12,0.329,67.714,Methane Accumulation,Critical Danger,Immediate Evacuation & Cut Power Supply
26.08,66.42,1014.3,239.03,96.76,80.67,6.18,0.027,-1.123,Worker Fall / Distress,High Risk,Dispatch Medical Team & Locate Worker via LoRa Beacon
27.5,60.81,1011.78,133.42,60.65,57.72,0.15,-0.005,-0.845,Normal,Safe,Maintain Regular Monitoring
30.27,87.74,1005.94,392.46,471.85,41.12,0.13,0.057,2.195,Toxic Gas / Poor Ventilation,High Risk,Activate Auxiliary Air Scrubbers & Ventilate
51.38,44.03,1013.38,1064.77,494.37,75.47,0.34,3.093,8.699,Spontaneous Combustion / Fire,Critical Danger,Trigger Automated Fire Suppression & Evacuate
25.23,64.66,1003.98,2847.77,124.69,59.06,0.35,0.33,38.381,Methane Accumulation,Critical Danger,Immediate Evacuation & Cut Power Supply
26.01,65.95,1015.37,205.46,63.55,106.65,3.96,0.042,0.37,Roof Fall / Rock Burst Risk,Critical Danger,Immediate Tunnel Evacuation: Structural Collapse Threat
25.95,64.57,1001.98,866.58,92.57,58.66,0.1,0.144,36.88,Methane Accumulation,High Risk,Boost Ventilation Fan Speed & Alert Sector
33.33,93.65,1011.64,442.59,428.28,44.46,0.08,-0.005,-0.318,Toxic Gas / Poor Ventilation,High Risk,Activate Auxiliary Air Scrubbers & Ventilate
30.86,95.89,1007.4,255.75,365.47,40.08,0.1,-0.019,1.158,Toxic Gas / Poor Ventilation,High Risk,Activate Auxiliary Air Scrubbers & Ventilate
25.1,60.63,1007.42,3088.08,156.88,47.28,0.12,0.074,51.67,Methane Accumulation,Critical Danger,Immediate Evacuation & Cut Power Supply
19.16,68.75,1015.36,182.84,35.83,56.23,0.19,-0.028,0.126,Normal,Safe,Maintain Regular Monitoring
54.97,40.28,1009.11,706.71,644.68,67.45,0.33,3.423,3.365,Spontaneous Combustion / Fire,Critical Danger,Trigger Automated Fire Suppression & Evacuate
31.98,93.17,1001.44,324.87,417.99,48.2,0.15,0.054,2.399,Toxic Gas / Poor Ventilation,High Risk,Activate Auxiliary Air Scrubbers & Ventilate
26.59,59.72,1009.13,162.66,46.48,69.91,0.05,0.027,1.226,Normal,Safe,Maintain Regular Monitoring
57.24,31.61,1011.86,755.37,416.25,73.26,0.38,0.862,11.694,Spontaneous Combustion / Fire,Critical Danger,Trigger Automated Fire Suppression & Evacuate
53.82,43.02,1003.38,896.33,398.97,63.57,0.42,1.279,4.923,Spontaneous Combustion / Fire,Critical Danger,Trigger Automated Fire Suppression & Evacuate
27.81,54.48,1013.62,156.36,79.39,117.12,3.58,-0.042,-0.513,Roof Fall / Rock Burst Risk,Critical Danger,Immediate Tunnel Evacuation: Structural Collapse Threat
25.29,49.21,1011.6,91.14,48.43,45.33,0.21,0.021,-1.953,Normal,Safe,Maintain Regular Monitoring
22.36,67.05,1013.13,160.42,104.78,96.28,4.8,0.08,2.255,Roof Fall / Rock Burst Risk,Critical Danger,Immediate Tunnel Evacuation: Structural Collapse Threat
34.13,93.45,1009.6,330.47,466.08,44.07,0.12,0.087,-0.031,Toxic Gas / Poor Ventilation,High Risk,Activate Auxiliary Air Scrubbers & Ventilate
27.66,69.73,1013.3,151.95,89.5,54.81,0.23,-0.063,-1.208,Normal,Safe,Maintain Regular Monitoring
24.51,59.52,1013.88,109.56,85.73,49.52,0.17,0.065,1.808,Normal,Safe,Maintain Regular Monitoring
23.33,69.82,1017.91,165.54,102.76,85.85,3.58,-0.034,0.716,Worker Fall / Distress,High Risk,Dispatch Medical Team & Locate Worker via LoRa Beacon
26.14,57.19,1014.5,80.35,41.12,58.13,0.16,0.078,0.53,Normal,Safe,Maintain Regular Monitoring
29.34,93.13,1004.93,440,457.21,51.9,0.13,-0.002,-0.235,Toxic Gas / Poor Ventilation,High Risk,Activate Auxiliary Air Scrubbers & Ventilate
24.71,65.4,1006.01,2745.83,185.88,70.89,0.16,0.295,30.47,Methane Accumulation,Critical Danger,Immediate Evacuation & Cut Power Supply
25.98,51.02,1013.24,176.69,92.22,59.62,0.22,-0.02,0.838,Normal,Safe,Maintain Regular Monitoring
30.86,95.75,1006.51,263.88,427.13,40.26,0.18,0.132,2.645,Toxic Gas / Poor Ventilation,High Risk,Activate Auxiliary Air Scrubbers & Ventilate
28.4,66.7,1007.63,1286.22,126.59,47.05,0.16,0.1,31.104,Methane Accumulation,High Risk,Boost Ventilation Fan Speed & Alert Sector
26.1,45.73,1010.8,2963.37,145.4,60.38,0.14,0.195,16.844,Methane Accumulation,Critical Danger,Immediate Evacuation & Cut Power Supply
26.16,60.54,1007.85,2454.38,142.74,55.27,0.21,0.206,63.561,Methane Accumulation,Critical Danger,Immediate Evacuation & Cut Power Supply
55.72,30.94,1012.59,445.27,269.37,68.28,0.25,1.943,11.825,Spontaneous Combustion / Fire,Critical Danger,Trigger Automated Fire Suppression & Evacuate
22.44,62.72,1009.58,69.81,81.63,51.16,0.13,0.012,0.005,Normal,Safe,Maintain Regular Monitoring
25.92,56.18,1008.7,2685.66,143.14,59.45,0.35,0.195,40.698,Methane Accumulation,Critical Danger,Immediate Evacuation & Cut Power Supply
23.28,71.59,1004.89,142.21,41.97,79,6.14,-0.027,-0.821,Worker Fall / Distress,High Risk,Dispatch Medical Team & Locate Worker via LoRa Beacon
25.29,66.53,1013.83,164.73,54.97,55.67,0.15,-0.067,-0.075,Normal,Safe,Maintain Regular Monitoring
56.56,32.81,1018.54,482.92,643.54,69.29,0.35,2.165,8.942,Spontaneous Combustion / Fire,Critical Danger,Trigger Automated Fire Suppression & Evacuate
23.22,63.44,1012.4,66.61,64.6,57.65,0.2,0.029,1.395,Normal,Safe,Maintain Regular Monitoring
25.14,77.48,1009.15,187.3,72.8,116.51,2.43,0.079,0.624,Roof Fall / Rock Burst Risk,Critical Danger,Immediate Tunnel Evacuation: Structural Collapse Threat
28.52,62.68,1011.08,180.53,92,41.58,0.21,0.027,0.522,Normal,Safe,Maintain Regular Monitoring
29.46,62.79,1011.91,265.68,89.15,80.29,3.56,0.073,1.484,Worker Fall / Distress,High Risk,Dispatch Medical Team & Locate Worker via LoRa Beacon
25.65,59.09,1009.03,2253.18,88.48,62.9,0.26,0.205,58.195,Methane Accumulation,Critical Danger,Immediate Evacuation & Cut Power Supply
22.96,62.56,1015.22,177.61,91.76,59.04,0.24,0.021,0.695,Normal,Safe,Maintain Regular Monitoring
24.32,57.13,1013.23,130.29,32.41,61.94,0.1,0.058,2.867,Normal,Safe,Maintain Regular Monitoring
26.99,55.28,1015.76,82.35,43.85,60.76,0.09,-0.015,1.831,Normal,Safe,Maintain Regular Monitoring
25.34,62.1,1006.44,2396.83,78.98,62.05,0.22,0.051,18.173,Methane Accumulation,High Risk,Boost Ventilation Fan Speed & Alert Sector
20.73,68.47,1011.11,104.12,64.59,58.64,0.07,0.024,0.611,Normal,Safe,Maintain Regular Monitoring
34.64,95.86,1003.4,295.25,369.15,47.03,0.12,0.122,1.647,Toxic Gas / Poor Ventilation,High Risk,Activate Auxiliary Air Scrubbers & Ventilate
26.96,70.1,1016.59,2650.04,124.93,57.31,0.1,0.195,72.586,Methane Accumulation,Critical Danger,Immediate Evacuation & Cut Power Supply
22.15,62.92,1007.83,99.63,101.16,48.78,0.16,-0.019,0.001,Normal,Safe,Maintain Regular Monitoring
51.61,29.23,1011.59,1031.09,257.29,67.87,0.28,3.428,11.904,Spontaneous Combustion / Fire,Critical Danger,Trigger Automated Fire Suppression & Evacuate
26.73,59.67,1013.05,171.11,82.33,105.49,3.74,-0.015,0.548,Roof Fall / Rock Burst Risk,Critical Danger,Immediate Tunnel Evacuation: Structural Collapse Threat
27.71,71.15,1011.47,159.04,56.02,55.24,0.19,0.031,-0.652,Normal,Safe,Maintain Regular Monitoring
25.31,65.94,1010.97,108.28,86.1,53.93,0.17,0.033,0.103,Normal,Safe,Maintain Regular Monitoring
26.08,63.67,1012.25,117.1,82.36,54.58,0.2,0.052,0.989,Normal,Safe,Maintain Regular Monitoring
21.37,65.56,1008.01,138.8,59.43,108.7,4.86,-0.04,-0.743,Roof Fall / Rock Burst Risk,Critical Danger,Immediate Tunnel Evacuation: Structural Collapse Threat
54.45,42.84,1007.97,1041.21,296.14,68.94,0.33,2.096,7.99,Spontaneous Combustion / Fire,Critical Danger,Trigger Automated Fire Suppression & Evacuate
24.71,59.49,1002.67,3449.47,121.92,57.82,0.18,0.392,36.252,Methane Accumulation,Critical Danger,Immediate Evacuation & Cut Power Supply
30.88,82.32,1008.69,256.39,225.65,51.81,0.08,0.086,0.362,Toxic Gas / Poor Ventilation,Moderate Risk,Inspect Ventilation Ducts & Airflow Dampers
33.17,86.11,1001.34,322.41,351.29,39.65,0.09,0.109,3.97,Toxic Gas / Poor Ventilation,High Risk,Activate Auxiliary Air Scrubbers & Ventilate
38.64,31.27,1013.91,547.05,493.84,71.51,0.2,1.641,2.203,Spontaneous Combustion / Fire,Critical Danger,Trigger Automated Fire Suppression & Evacuate
33.38,87.61,1007.32,398.62,307.12,40.59,0.18,0.12,2.597,Toxic Gas / Poor Ventilation,Moderate Risk,Inspect Ventilation Ducts & Airflow Dampers
25.44,60.59,1013.69,143.31,45.11,51.38,0.18,0.003,-0.473,Normal,Safe,Maintain Regular Monitoring
22.81,61.61,1016.03,121.26,32.88,67.9,0.11,-0.03,-1.228,Normal,Safe,Maintain Regular Monitoring
24.13,56.83,1016.18,94.32,68.4,54.52,0.18,-0.033,-0.02,Normal,Safe,Maintain Regular Monitoring
25.51,59.21,1015.21,155.32,75.55,51.47,0.12,-0.006,-0.952,Normal,Safe,Maintain Regular Monitoring
40.04,28.2,1012.44,650.9,417.18,77.82,0.36,3.124,2.096,Spontaneous Combustion / Fire,Critical Danger,Trigger Automated Fire Suppression & Evacuate
24.14,64.53,1012.69,297.7,62.74,81.79,4.37,0.05,-0.423,Worker Fall / Distress,High Risk,Dispatch Medical Team & Locate Worker via LoRa Beacon
23.17,73.39,1018.66,123.82,61.66,52.18,0.21,0.027,-1.779,Normal,Safe,Maintain Regular Monitoring
23.55,61.45,1016.1,139.13,45.12,44.67,0.13,0.065,-0.234,Normal,Safe,Maintain Regular Monitoring
31.29,58.46,1008.59,2106.01,133.17,51.1,0.3,0.133,63.599,Methane Accumulation,Critical Danger,Immediate Evacuation & Cut Power Supply
28.08,65.96,1013.69,95.62,101.17,72.62,6.08,-0.12,0.347,Worker Fall / Distress,High Risk,Dispatch Medical Team & Locate Worker via LoRa Beacon
24.23,59.17,1015.49,116.67,52.19,69.36,0.08,0.022,0.239,Normal,Safe,Maintain Regular Monitoring
25.89,52.61,1005.56,4334.11,76.59,68.54,0.34,0.394,40.738,Methane Accumulation,Critical Danger,Immediate Evacuation & Cut Power Supply
25.84,59.19,1014.63,68.9,77.51,71.13,0.08,0.052,1.026,Normal,Safe,Maintain Regular Monitoring
25.44,59.75,1019.46,217.22,58.44,62.29,0.13,0.115,-0.457,Normal,Safe,Maintain Regular Monitoring
20.86,54.49,1017.41,123.26,108.49,83.29,3.42,0.043,-0.294,Worker Fall / Distress,High Risk,Dispatch Medical Team & Locate Worker via LoRa Beacon
23.03,71.81,1011.92,146.15,88.52,89.92,5.98,-0.01,-1.379,Worker Fall / Distress,High Risk,Dispatch Medical Team & Locate Worker via LoRa Beacon
21.01,59.18,1013.75,160.76,65.98,53.49,0.21,-0.045,-0.906,Normal,Safe,Maintain Regular Monitoring
24.68,60.01,1013.78,237.25,83.14,81.34,6.01,0.036,-0.393,Worker Fall / Distress,High Risk,Dispatch Medical Team & Locate Worker via LoRa Beacon
36.4,38.91,1012.68,896.45,553.82,78.03,0.36,3.018,8.457,Spontaneous Combustion / Fire,Critical Danger,Trigger Automated Fire Suppression & Evacuate
30.82,88.61,1007.6,231.67,326.31,51.03,0.12,0.08,2.04,Toxic Gas / Poor Ventilation,Moderate Risk,Inspect Ventilation Ducts & Airflow Dampers
24.96,55.23,1010.68,4310.75,133.09,59.41,0.12,0.274,48.318,Methane Accumulation,Critical Danger,Immediate Evacuation & Cut Power Supply
28.86,54.04,1008.3,4353.39,124.36,63.42,0.29,0.249,50.544,Methane Accumulation,Critical Danger,Immediate Evacuation & Cut Power Supply
28.59,68.79,1011.68,1849.68,167.15,61.61,0.28,0.264,66.592,Methane Accumulation,Critical Danger,Immediate Evacuation & Cut Power Supply
50.57,38.94,1009.53,301.94,608.5,75.09,0.35,3.093,3.385,Spontaneous Combustion / Fire,Critical Danger,Trigger Automated Fire Suppression & Evacuate
25.1,60.1,1014.87,80.92,72.47,60.69,0.13,-0.021,0.366,Normal,Safe,Maintain Regular Monitoring
23.12,65.23,1016.78,216.54,85.69,61.5,0.13,0.028,0.025,Normal,Safe,Maintain Regular Monitoring
23.82,51.92,1014.98,192.94,52.37,51.42,0.12,-0.032,0.746,Normal,Safe,Maintain Regular Monitoring
26.32,53.68,1010.4,251.15,62.03,88.55,2.06,0.012,-0.867,Roof Fall / Rock Burst Risk,Critical Danger,Immediate Tunnel Evacuation: Structural Collapse Threat
24.93,61.41,1011.85,152.52,53.67,55.13,0.07,-0.042,0.533,Normal,Safe,Maintain Regular Monitoring
41.45,29.91,1007.83,610.33,640.96,73.77,0.41,3.426,9.632,Spontaneous Combustion / Fire,Critical Danger,Trigger Automated Fire Suppression & Evacuate
26.46,55.37,1015.88,103.59,101.8,94.87,4.74,-0.002,1.793,Worker Fall / Distress,High Risk,Dispatch Medical Team & Locate Worker via LoRa Beacon
21,54.62,1006.3,178.09,85.38,57.44,0.23,-0.044,-0.785,Normal,Safe,Maintain Regular Monitoring
51.99,34.09,1009.48,863.25,370.4,64.35,0.34,2.582,9.337,Spontaneous Combustion / Fire,Critical Danger,Trigger Automated Fire Suppression & Evacuate
26.69,65.5,1006,2557.06,155.67,54.62,0.1,0.306,61.96,Methane Accumulation,Critical Danger,Immediate Evacuation & Cut Power Supply
33.12,93.37,1002.22,384.97,441.94,44.16,0.18,-0.06,1.636,Toxic Gas / Poor Ventilation,High Risk,Activate Auxiliary Air Scrubbers & Ventilate
26.35,56.5,1012.51,118.39,76.88,52.85,0.07,-0.011,0.093,Normal,Safe,Maintain Regular Monitoring
27.9,58.39,1009.82,183.45,84.85,114.14,4.38,-0.021,-0.38,Roof Fall / Rock Burst Risk,Critical Danger,Immediate Tunnel Evacuation: Structural Collapse Threat
34.23,90.72,1012.79,447.06,488.59,38.62,0.08,0.183,2.079,Toxic Gas / Poor Ventilation,High Risk,Activate Auxiliary Air Scrubbers & Ventilate
28.63,66.53,1009.45,72.94,91.6,87.21,4.28,-0.029,-0.545,Worker Fall / Distress,High Risk,Dispatch Medical Team & Locate Worker via LoRa Beacon
25.28,65.48,1010.24,146.25,93.71,116.28,4.7,0.008,-1.097,Roof Fall / Rock Burst Risk,Critical Danger,Immediate Tunnel Evacuation: Structural Collapse Threat
28.74,64.46,1005.3,1610.51,140.8,67.66,0.29,0.132,65.172,Methane Accumulation,Critical Danger,Immediate Evacuation & Cut Power Supply
42.59,31.33,1008.91,375.56,364.86,55.81,0.16,1.062,4.905,Spontaneous Combustion / Fire,High Risk,Dispatch Fire Inspection Team & Seal Airflow
32.62,83.38,1009.56,318.2,250.76,40.96,0.06,0.066,0.005,Toxic Gas / Poor Ventilation,Moderate Risk,Inspect Ventilation Ducts & Airflow Dampers
46.19,44.62,1013.66,509.89,407.87,62.67,0.24,1.017,11.394,Spontaneous Combustion / Fire,Critical Danger,Trigger Automated Fire Suppression & Evacuate
27.1,63.22,1013.78,86.57,70.37,48.19,0.18,0.054,1.758,Normal,Safe,Maintain Regular Monitoring
22.77,67.62,1010.92,232.67,125.73,76.6,3.49,-0.006,1.156,Worker Fall / Distress,High Risk,Dispatch Medical Team & Locate Worker via LoRa Beacon
24.84,60.99,1012.21,255.37,106.29,92.47,4.93,-0.075,-0.617,Roof Fall / Rock Burst Risk,Critical Danger,Immediate Tunnel Evacuation: Structural Collapse Threat
46.14,44.69,1008.33,1063.96,287.98,69.21,0.37,2.518,3.875,Spontaneous Combustion / Fire,Critical Danger,Trigger Automated Fire Suppression & Evacuate
24.75,61.37,1018.67,126.22,68.1,53.92,0.12,0.015,1.867,Normal,Safe,Maintain Regular Monitoring
40.7,46.69,1008.33,838.58,578.69,63.68,0.22,1.494,5.071,Spontaneous Combustion / Fire,Critical Danger,Trigger Automated Fire Suppression & Evacuate
24.64,62.11,1009.24,3927.44,130.11,56.53,0.19,0.002,82.199,Methane Accumulation,Critical Danger,Immediate Evacuation & Cut Power Supply
52.9,32.16,1005.78,576.56,470.25,63.43,0.39,2.873,7.052,Spontaneous Combustion / Fire,Critical Danger,Trigger Automated Fire Suppression & Evacuate
28.67,64.17,1015.04,187.75,78.58,49.02,0.15,0.038,-0.449,Normal,Safe,Maintain Regular Monitoring
43.1,31.38,1009.01,1050.44,367.2,74.64,0.34,2.717,8.36,Spontaneous Combustion / Fire,High Risk,Dispatch Fire Inspection Team & Seal Airflow
23.84,75.49,1014.87,215.72,45.26,75.45,6.37,-0.113,0.638,Worker Fall / Distress,High Risk,Dispatch Medical Team & Locate Worker via LoRa Beacon
24.77,69.98,1010.97,217.79,39.54,54.34,0.17,-0.054,-1.017,Normal,Safe,Maintain Regular Monitoring
25.82,73.17,1012.12,73.29,44.56,92.08,5.98,0.011,1.183,Worker Fall / Distress,High Risk,Dispatch Medical Team & Locate Worker via LoRa Beacon
23.91,63.12,1007.95,4602.35,188.06,66.53,0.28,0.152,82.395,Methane Accumulation,Critical Danger,Immediate Evacuation & Cut Power Supply
32,83.19,1011.6,216.1,344,46.38,0.09,0.119,-0.91,Toxic Gas / Poor Ventilation,Moderate Risk,Inspect Ventilation Ducts & Airflow Dampers
24.35,70.61,1007.16,161.5,102.24,102.47,2.32,-0.019,0.641,Roof Fall / Rock Burst Risk,Critical Danger,Immediate Tunnel Evacuation: Structural Collapse Threat
43.24,36.84,1009.23,383.59,477.14,58.5,0.35,0.969,10.711,Spontaneous Combustion / Fire,Critical Danger,Trigger Automated Fire Suppression & Evacuate
23.89,60.81,1010.8,169.89,50.25,115.4,3.9,0.093,-0.133,Roof Fall / Rock Burst Risk,Critical Danger,Immediate Tunnel Evacuation: Structural Collapse Threat
33.67,89.96,1001.15,182.59,336.74,41.4,0.11,0.033,3.356,Toxic Gas / Poor Ventilation,Moderate Risk,Inspect Ventilation Ducts & Airflow Dampers
28.75,59.14,1014.64,1884.54,142.93,77.28,0.24,0.233,52.614,Methane Accumulation,Critical Danger,Immediate Evacuation & Cut Power Supply
25.41,55.31,1012.72,99.42,94.91,55.17,0.18,-0.039,1.698,Normal,Safe,Maintain Regular Monitoring
57.77,30.32,1010.15,360.46,279.95,60.74,0.37,1.895,8.276,Spontaneous Combustion / Fire,Critical Danger,Trigger Automated Fire Suppression & Evacuate
33.39,89.68,1010.91,311.85,240,43.75,0.12,0.124,0.824,Toxic Gas / Poor Ventilation,Moderate Risk,Inspect Ventilation Ducts & Airflow Dampers
27.88,59.86,1007.84,141.72,45.68,99.28,3.37,-0.012,0.105,Roof Fall / Rock Burst Risk,Critical Danger,Immediate Tunnel Evacuation: Structural Collapse Threat
25.46,63.03,1012.86,114.37,81.52,110.87,1.95,0.001,-1.293,Roof Fall / Rock Burst Risk,Critical Danger,Immediate Tunnel Evacuation: Structural Collapse Threat
29.45,54.17,1003.03,4383.14,105.15,62.33,0.28,0.442,38.441,Methane Accumulation,Critical Danger,Immediate Evacuation & Cut Power Supply
32.75,88.49,1004.88,281.3,500.86,38.7,0.16,0.052,3.368,Toxic Gas / Poor Ventilation,High Risk,Activate Auxiliary Air Scrubbers & Ventilate
20.43,61.2,1018.3,217.28,76.52,56.89,0.12,0.061,1.463,Normal,Safe,Maintain Regular Monitoring
50.35,38.14,1008.47,366.38,553.46,61.7,0.2,2.696,8.923,Spontaneous Combustion / Fire,Critical Danger,Trigger Automated Fire Suppression & Evacuate
22.51,61.38,1009.8,157.4,39.99,58.93,0.09,0.067,1.965,Normal,Safe,Maintain Regular Monitoring
23.16,64.98,1011.8,106.14,82.98,55.93,0.06,-0.026,-0.978,Normal,Safe,Maintain Regular Monitoring
25.13,60.66,1002.47,3349.22,170.08,71.02,0.14,0.205,79.605,Methane Accumulation,Critical Danger,Immediate Evacuation & Cut Power Supply
28.53,62.79,1002.8,2445.35,162.91,60.97,0.33,0.449,41.398,Methane Accumulation,High Risk,Boost Ventilation Fan Speed & Alert Sector
26.03,57.34,1009,167.59,116.76,112.91,2.18,0.091,0.615,Roof Fall / Rock Burst Risk,Critical Danger,Immediate Tunnel Evacuation: Structural Collapse Threat
27.45,66.41,1004.53,3670.31,105.36,78.9,0.22,0.284,72.903,Methane Accumulation,Critical Danger,Immediate Evacuation & Cut Power Supply
27.53,61.52,1007.78,2356.68,169.77,73.29,0.22,0.205,24.929,Methane Accumulation,High Risk,Boost Ventilation Fan Speed & Alert Sector
21.54,56.62,1016.97,99.74,90.84,58.28,0.24,0.092,1.336,Normal,Safe,Maintain Regular Monitoring
22.16,60.67,1003.82,3264.27,189.72,71.3,0.15,0.185,50.408,Methane Accumulation,Critical Danger,Immediate Evacuation & Cut Power Supply
26.33,65.14,1014.87,146.94,32.48,57.61,0.14,0.056,-1.972,Normal,Safe,Maintain Regular Monitoring
26.34,67.73,1004.41,130.38,80.07,49.97,0.2,0.07,0.016,Normal,Safe,Maintain Regular Monitoring
43.21,42.04,1009.57,541.75,595.67,64.57,0.44,2.044,10.248,Spontaneous Combustion / Fire,Critical Danger,Trigger Automated Fire Suppression & Evacuate
51.39,47.35,1011.05,263.97,335.6,80.64,0.43,3.3,9.989,Spontaneous Combustion / Fire,Critical Danger,Trigger Automated Fire Suppression & Evacuate
57.6,44.13,1010.07,970.4,616.5,57.38,0.33,3.306,7.001,Spontaneous Combustion / Fire,Critical Danger,Trigger Automated Fire Suppression & Evacuate
26.77,65.89,1009.69,2382.34,130.41,60.2,0.18,0.251,18.543,Methane Accumulation,High Risk,Boost Ventilation Fan Speed & Alert Sector
25.68,49.24,1009.87,1378,162.62,56.58,0.17,0.131,56.074,Methane Accumulation,Critical Danger,Immediate Evacuation & Cut Power Supply
32.62,82.25,1003.36,249.59,510.62,49.03,0.13,-0.072,3.533,Toxic Gas / Poor Ventilation,High Risk,Activate Auxiliary Air Scrubbers & Ventilate
24.96,61.86,1012.49,3948.62,159.89,47.73,0.29,0.268,29.476,Methane Accumulation,Critical Danger,Immediate Evacuation & Cut Power Supply
28.29,63.54,1007.56,1610.3,81.97,72.53,0.29,0.231,25.091,Methane Accumulation,High Risk,Boost Ventilation Fan Speed & Alert Sector
25.95,71.89,1009.03,184.14,70.19,55.06,0.22,0.041,-1.68,Normal,Safe,Maintain Regular Monitoring
21.44,65.68,1011.49,222.05,98.24,54,0.15,0.015,0.247,Normal,Safe,Maintain Regular Monitoring
26.27,58.07,1006.26,1269.27,184.47,58.52,0.32,0.028,62.413,Methane Accumulation,Critical Danger,Immediate Evacuation & Cut Power Supply
30,65.16,1011.24,2964.82,103.27,64.37,0.32,0.29,17.812,Methane Accumulation,Critical Danger,Immediate Evacuation & Cut Power Supply
44.75,46.96,1010.32,462.2,653.11,81.71,0.41,2.895,8.301,Spontaneous Combustion / Fire,Critical Danger,Trigger Automated Fire Suppression & Evacuate
57.61,41.71,1012.97,1079.16,246.4,66.95,0.27,2.913,3.606,Spontaneous Combustion / Fire,Critical Danger,Trigger Automated Fire Suppression & Evacuate
57.47,34.3,1006.1,614.59,346.38,63.45,0.19,2.814,3.865,Spontaneous Combustion / Fire,Critical Danger,Trigger Automated Fire Suppression & Evacuate
25.23,67.61,1010.04,96.79,75,88.78,2.98,-0.012,0.466,Roof Fall / Rock Burst Risk,Critical Danger,Immediate Tunnel Evacuation: Structural Collapse Threat
34.22,94.73,1002.99,151.52,348.9,46.82,0.09,0.03,2.02,Toxic Gas / Poor Ventilation,Moderate Risk,Inspect Ventilation Ducts & Airflow Dampers
26.59,70.45,1009.52,249.29,47.45,98.41,3.38,0.136,0.05,Roof Fall / Rock Burst Risk,Critical Danger,Immediate Tunnel Evacuation: Structural Collapse Threat
27.6,57.57,1014.99,87.3,82.93,78.91,4.82,0.093,-0.038,Worker Fall / Distress,High Risk,Dispatch Medical Team & Locate Worker via LoRa Beacon
25.98,61.82,1012.35,190.24,53.83,69.62,0.25,-0.047,2.142,Normal,Safe,Maintain Regular Monitoring
26.33,50.92,1012.81,190.26,59.7,56.18,0.06,-0.003,-0.398,Normal,Safe,Maintain Regular Monitoring
22.2,61.79,1018.35,41.49,98.75,66.21,0.09,0.02,1.456,Normal,Safe,Maintain Regular Monitoring
55.89,28.68,1013.29,630.38,532.41,66.69,0.43,1.977,11.854,Spontaneous Combustion / Fire,Critical Danger,Trigger Automated Fire Suppression & Evacuate
28.4,92.05,1001.62,324.3,380.18,51.59,0.06,0.075,2.291,Toxic Gas / Poor Ventilation,High Risk,Activate Auxiliary Air Scrubbers & Ventilate
25.29,60.69,1017.08,113.19,80.51,57.19,0.18,0.002,-1.036,Normal,Safe,Maintain Regular Monitoring
25.46,56.22,1012.88,119.44,101.66,87.61,4.38,-0.181,0.32,Worker Fall / Distress,High Risk,Dispatch Medical Team & Locate Worker via LoRa Beacon
26.02,56.97,1016.09,52.23,39.21,63.94,0.18,-0.038,-0.561,Normal,Safe,Maintain Regular Monitoring
24.62,64.14,1011.9,275.59,87.43,91.25,3.4,-0.037,-0.846,Worker Fall / Distress,High Risk,Dispatch Medical Team & Locate Worker via LoRa Beacon
29.47,57.22,1002.95,1106.71,79.54,58.12,0.29,0.37,62.76,Methane Accumulation,Critical Danger,Immediate Evacuation & Cut Power Supply
23.75,66.1,1016.04,109.94,30.63,59.1,0.12,0.027,-0.757,Normal,Safe,Maintain Regular Monitoring
28.26,54.27,1009.22,858.22,181.78,68.14,0.18,0.21,37.945,Methane Accumulation,High Risk,Boost Ventilation Fan Speed & Alert Sector
27.37,58.16,1015.5,55.51,71.01,51.8,0.15,-0.037,0.519,Normal,Safe,Maintain Regular Monitoring
23.77,55.44,1008.12,66.79,31.25,54.96,0.18,0.031,1.348,Normal,Safe,Maintain Regular Monitoring
23.39,61.65,1012.11,57.43,30.97,50.99,0.14,0.116,-0.625,Normal,Safe,Maintain Regular Monitoring
34.56,83.51,1011.34,214.63,491.81,50.93,0.13,0.053,2.329,Toxic Gas / Poor Ventilation,High Risk,Activate Auxiliary Air Scrubbers & Ventilate
36.81,43.98,1012.71,367.26,322.3,56.84,0.35,2.442,3.081,Spontaneous Combustion / Fire,High Risk,Dispatch Fire Inspection Team & Seal Airflow
25.44,64.99,1013.86,60.42,65.08,49.49,0.06,-0.047,0.543,Normal,Safe,Maintain Regular Monitoring
47.02,35.67,1010.48,708.47,394.85,64.11,0.23,1.286,7.566,Spontaneous Combustion / Fire,Critical Danger,Trigger Automated Fire Suppression & Evacuate
20.69,62.88,1012.66,85.89,59.74,121.31,4.62,0.038,0.356,Roof Fall / Rock Burst Risk,Critical Danger,Immediate Tunnel Evacuation: Structural Collapse Threat
25.09,61.81,1010.16,150.51,47.23,60.71,0.17,0.05,2.734,Normal,Safe,Maintain Regular Monitoring
26.57,58.46,1010.44,1533.23,180.74,59.36,0.23,0.14,33.832,Methane Accumulation,High Risk,Boost Ventilation Fan Speed & Alert Sector
25.09,57.34,1011.32,78.62,53.34,48.82,0.21,0.027,-0.278,Normal,Safe,Maintain Regular Monitoring
24.18,65.36,1015.68,200.75,34.18,57.37,0.06,-0.094,0.93,Normal,Safe,Maintain Regular Monitoring
28.56,61.31,1014.32,242.6,119.9,119.26,4.44,0.022,1.496,Roof Fall / Rock Burst Risk,Critical Danger,Immediate Tunnel Evacuation: Structural Collapse Threat
25.54,56.96,1008.03,169.34,91.02,49.12,0.16,0.063,0.038,Normal,Safe,Maintain Regular Monitoring
26.83,56.67,1007.84,4604.02,74.25,64.04,0.29,0.071,50.512,Methane Accumulation,Critical Danger,Immediate Evacuation & Cut Power Supply
26.47,70.53,1007.58,108.58,56.49,121.73,4.36,0.01,-1.063,Roof Fall / Rock Burst Risk,Critical Danger,Immediate Tunnel Evacuation: Structural Collapse Threat
22.14,61.89,1010.81,95.14,59.94,57.82,0.15,-0.037,0.596,Normal,Safe,Maintain Regular Monitoring
56.12,46.57,1017.71,1095.46,678.19,72.43,0.41,0.972,11.533,Spontaneous Combustion / Fire,Critical Danger,Trigger Automated Fire Suppression & Evacuate
26.74,64.33,1008.13,120.06,44.29,52.72,0.06,0.006,0.189,Normal,Safe,Maintain Regular Monitoring
27.99,69.17,1012.79,70.52,61.09,79.91,4.68,0,0.113,Worker Fall / Distress,High Risk,Dispatch Medical Team & Locate Worker via LoRa Beacon
28.59,59.35,1005.86,2495.14,185.86,75.49,0.28,0.323,68.903,Methane Accumulation,Critical Danger,Immediate Evacuation & Cut Power Supply
32.45,85.32,1006.51,372.56,548.83,49.24,0.16,0.099,6.402,Toxic Gas / Poor Ventilation,High Risk,Activate Auxiliary Air Scrubbers & Ventilate
43.24,44.79,1009.73,898.06,551.61,70.55,0.24,1.234,10.959,Spontaneous Combustion / Fire,Critical Danger,Trigger Automated Fire Suppression & Evacuate
27.5,67.99,1014.26,136.09,49.1,54.95,0.24,0.028,0.092,Normal,Safe,Maintain Regular Monitoring
40.94,46.91,1009.74,261.7,471.16,66.58,0.18,3.121,7.911,Spontaneous Combustion / Fire,Critical Danger,Trigger Automated Fire Suppression & Evacuate
23.99,66.75,1013.87,293.05,85.89,85.97,5.1,0.061,-0.055,Worker Fall / Distress,High Risk,Dispatch Medical Team & Locate Worker via LoRa Beacon
50.18,44.03,1007.87,802.64,311.84,71.94,0.32,2.629,11.972,Spontaneous Combustion / Fire,Critical Danger,Trigger Automated Fire Suppression & Evacuate
28.21,83.28,1004.3,396.48,496.98,48.32,0.17,-0.008,-0.214,Toxic Gas / Poor Ventilation,High Risk,Activate Auxiliary Air Scrubbers & Ventilate
28.41,93.93,1003.96,369.13,447.53,42.76,0.09,-0.008,3.09,Toxic Gas / Poor Ventilation,High Risk,Activate Auxiliary Air Scrubbers & Ventilate
26.69,57.38,1014.12,200.5,72.76,49.54,0.17,0.074,0.661,Normal,Safe,Maintain Regular Monitoring
24.24,67.02,1005.24,128.82,86.27,56.77,0.17,0.054,1.36,Normal,Safe,Maintain Regular Monitoring
43.71,35.44,1010,734.99,547.94,80.54,0.38,1.533,3.468,Spontaneous Combustion / Fire,Critical Danger,Trigger Automated Fire Suppression & Evacuate
27.14,48.78,1011.28,1061.19,131.17,46.83,0.19,-0.043,34.896,Methane Accumulation,High Risk,Boost Ventilation Fan Speed & Alert Sector
34.33,84.59,1009.35,354.41,524.38,45.54,0.16,0.049,-1.143,Toxic Gas / Poor Ventilation,High Risk,Activate Auxiliary Air Scrubbers & Ventilate
31.2,82.11,996.78,350.94,529.03,39.2,0.09,-0.021,-2.486,Toxic Gas / Poor Ventilation,High Risk,Activate Auxiliary Air Scrubbers & Ventilate
22.65,58.16,1013.96,957.29,155.21,62.3,0.25,0.302,26.406,Methane Accumulation,High Risk,Boost Ventilation Fan Speed & Alert Sector
23.23,58.29,1015.43,137.5,38.91,46.33,0.17,-0.083,-0.883,Normal,Safe,Maintain Regular Monitoring
21.92,65.93,1010.92,140.54,101.83,112.35,3.88,0.001,-0.256,Roof Fall / Rock Burst Risk,Critical Danger,Immediate Tunnel Evacuation: Structural Collapse Threat
25.83,60.79,1015.97,109.63,92.4,52.65,0.11,-0.024,0.046,Normal,Safe,Maintain Regular Monitoring
28.87,91.04,1008.46,448.98,288.99,41.91,0.18,0.054,-1.657,Toxic Gas / Poor Ventilation,Moderate Risk,Inspect Ventilation Ducts & Airflow Dampers
25.27,50.06,1009.72,4462.51,120.26,59.74,0.26,0.176,59.205,Methane Accumulation,Critical Danger,Immediate Evacuation & Cut Power Supply
44.48,35.15,1005.74,250.85,589.97,70.72,0.23,3.498,7.898,Spontaneous Combustion / Fire,Critical Danger,Trigger Automated Fire Suppression & Evacuate
27.64,67.79,1016.65,200.94,76.07,44.23,0.2,-0.036,1.278,Normal,Safe,Maintain Regular Monitoring
42.41,46.5,1015.11,719.1,583.63,63.6,0.41,0.935,7.123,Spontaneous Combustion / Fire,Critical Danger,Trigger Automated Fire Suppression & Evacuate
24.7,69.91,1007.52,1963.48,96.29,63.01,0.13,0.275,28.513,Methane Accumulation,High Risk,Boost Ventilation Fan Speed & Alert Sector
57.97,31.91,1005.32,1002.76,567.38,80.93,0.33,0.829,10.798,Spontaneous Combustion / Fire,Critical Danger,Trigger Automated Fire Suppression & Evacuate
25.83,61.53,1019.03,61.33,72.31,46.99,0.07,0.004,0.075,Normal,Safe,Maintain Regular Monitoring
26.44,62.42,1016.18,94.89,87.29,104.38,5.13,-0.023,0.045,Roof Fall / Rock Burst Risk,Critical Danger,Immediate Tunnel Evacuation: Structural Collapse Threat
33.43,84.7,1009.75,318.7,235.37,42.87,0.07,0.043,4.629,Toxic Gas / Poor Ventilation,Moderate Risk,Inspect Ventilation Ducts & Airflow Dampers
24.68,70.27,1013.86,187.78,96.43,57.62,0.2,0.006,0.161,Normal,Safe,Maintain Regular Monitoring
24.13,59.53,1013.52,123.21,72.27,58.87,0.06,0.112,1.007,Normal,Safe,Maintain Regular Monitoring
24.05,66.17,1015.75,75.39,34.87,54.01,0.2,0.039,-0.897,Normal,Safe,Maintain Regular Monitoring
42.35,43.94,1012.17,696.11,350.9,72.69,0.39,1.302,4.898,Spontaneous Combustion / Fire,High Risk,Dispatch Fire Inspection Team & Seal Airflow
40.05,41.48,1013.79,603.26,266.08,77.26,0.42,2.171,6.07,Spontaneous Combustion / Fire,High Risk,Dispatch Fire Inspection Team & Seal Airflow
48.95,31.86,1009.08,443.14,332.37,60.88,0.42,2.233,6.835,Spontaneous Combustion / Fire,Critical Danger,Trigger Automated Fire Suppression & Evacuate
24.98,62.56,1009.91,103.12,56,59.77,0.16,-0.006,2.765,Normal,Safe,Maintain Regular Monitoring
27.93,59.83,1013.57,3335.34,127.17,48.84,0.13,0.228,75.754,Methane Accumulation,Critical Danger,Immediate Evacuation & Cut Power Supply
50.83,41.28,1009.09,758.03,313.35,80.29,0.31,0.85,11.536,Spontaneous Combustion / Fire,Critical Danger,Trigger Automated Fire Suppression & Evacuate
25.71,57.14,1010.75,3285.01,180.79,62.06,0.21,0.108,43.714,Methane Accumulation,Critical Danger,Immediate Evacuation & Cut Power Supply
24.02,71.58,1011.69,232.42,58.34,86.16,5.47,-0.026,0.606,Worker Fall / Distress,High Risk,Dispatch Medical Team & Locate Worker via LoRa Beacon
21.84,60.24,1019.04,109.63,58.04,50.43,0.07,-0.095,-1.821,Normal,Safe,Maintain Regular Monitoring
26.2,63.54,1008.87,80.61,72.14,91.59,1.88,0.018,-1.24,Roof Fall / Rock Burst Risk,Critical Danger,Immediate Tunnel Evacuation: Structural Collapse Threat
26.9,49.2,1001.38,3616.55,85.18,58.37,0.11,0.272,49.897,Methane Accumulation,Critical Danger,Immediate Evacuation & Cut Power Supply
29.31,58.41,994.8,2576.25,117.15,89.08,0.27,0.196,64.785,Methane Accumulation,Critical Danger,Immediate Evacuation & Cut Power Supply
22.47,55.03,1013.93,161.6,111.17,111.68,4.86,-0.079,0.557,Roof Fall / Rock Burst Risk,Critical Danger,Immediate Tunnel Evacuation: Structural Collapse Threat
25.21,65.41,1012.14,155.17,56.96,105.73,4.01,0.056,-0.783,Roof Fall / Rock Burst Risk,Critical Danger,Immediate Tunnel Evacuation: Structural Collapse Threat
22.5,57.78,1008,84.08,108.58,79.13,6.1,-0.081,-2.403,Worker Fall / Distress,High Risk,Dispatch Medical Team & Locate Worker via LoRa Beacon
25.3,51.85,1013.84,158.16,44.02,55.23,0.17,0.003,-0.39,Normal,Safe,Maintain Regular Monitoring
24.27,63.22,1015.79,60.18,52.81,62.41,0.2,0.041,0.974,Normal,Safe,Maintain Regular Monitoring
24.35,66.2,1011.53,92.91,78.9,108.3,2.64,0.034,1.497,Roof Fall / Rock Burst Risk,Critical Danger,Immediate Tunnel Evacuation: Structural Collapse Threat
36.4,40.17,1005.07,1096.39,632.69,67.72,0.24,2.261,5.165,Spontaneous Combustion / Fire,Critical Danger,Trigger Automated Fire Suppression & Evacuate
26.56,59.36,1005.67,209.15,73.23,52.72,0.1,0.045,0.261,Normal,Safe,Maintain Regular Monitoring
26.22,64.61,1014.19,197.97,50.91,47.54,0.13,0.021,0.726,Normal,Safe,Maintain Regular Monitoring
25.41,63.93,1012.87,77.28,27.59,51.5,0.06,-0.068,0.777,Normal,Safe,Maintain Regular Monitoring
33.57,82.11,1008.95,430.07,281.08,51.92,0.15,0.123,-0.662,Toxic Gas / Poor Ventilation,Moderate Risk,Inspect Ventilation Ducts & Airflow Dampers
26.94,72.22,1015.02,150.64,54.3,45.32,0.08,-0.002,0.074,Normal,Safe,Maintain Regular Monitoring
22.77,58.33,1013.17,218.69,45.71,59.09,0.25,0.139,1.069,Normal,Safe,Maintain Regular Monitoring
27.29,61.11,1013.74,46.38,38.97,49.81,0.18,0.066,0.207,Normal,Safe,Maintain Regular Monitoring
28.11,58.27,1007.17,1365.33,77.47,60.9,0.18,0.116,64.459,Methane Accumulation,Critical Danger,Immediate Evacuation & Cut Power Supply
25.07,64.07,1010.35,171.39,47.89,51.08,0.22,0.006,1.344,Normal,Safe,Maintain Regular Monitoring
29.02,48.94,1007.32,3193.71,184.34,62.73,0.17,0.291,31.714,Methane Accumulation,Critical Danger,Immediate Evacuation & Cut Power Supply
23.02,66.08,1015.16,100.66,56.29,57.14,0.21,0.023,2.145,Normal,Safe,Maintain Regular Monitoring
29.96,84.28,995.39,294.62,367.59,45.31,0.17,0.176,4.09,Toxic Gas / Poor Ventilation,High Risk,Activate Auxiliary Air Scrubbers & Ventilate
25.28,63.57,1013.4,112.2,45.7,56.74,0.08,0.031,0.052,Normal,Safe,Maintain Regular Monitoring
42.01,40.48,1006.24,942.87,472.99,76.26,0.41,2.861,10.686,Spontaneous Combustion / Fire,Critical Danger,Trigger Automated Fire Suppression & Evacuate
28.14,85.41,1004.51,416.99,368.96,49.9,0.09,-0.019,2.474,Toxic Gas / Poor Ventilation,High Risk,Activate Auxiliary Air Scrubbers & Ventilate
45.37,43.8,1008.95,451.15,656.45,78.57,0.18,2.13,11.01,Spontaneous Combustion / Fire,Critical Danger,Trigger Automated Fire Suppression & Evacuate
55.29,28.94,1011.52,508.14,423.93,71.79,0.21,1.736,8.633,Spontaneous Combustion / Fire,Critical Danger,Trigger Automated Fire Suppression & Evacuate
23.11,70.56,1012.81,216.93,41.75,52.32,0.08,0.016,-0.857,Normal,Safe,Maintain Regular Monitoring
22.18,63.35,1014.54,200.9,54.05,48.07,0.18,-0.04,-2.28,Normal,Safe,Maintain Regular Monitoring
39.28,28.44,1012.18,436.01,269.44,65.8,0.37,1.841,2.734,Spontaneous Combustion / Fire,High Risk,Dispatch Fire Inspection Team & Seal Airflow
25.58,66.96,1015.85,116.58,120.52,71.13,3.87,0.042,1,Worker Fall / Distress,High Risk,Dispatch Medical Team & Locate Worker via LoRa Beacon
42.36,29.24,1008.51,416.36,457.39,73.75,0.42,0.918,9.658,Spontaneous Combustion / Fire,Critical Danger,Trigger Automated Fire Suppression & Evacuate
48.59,36.51,1008.14,1025.95,527.72,65.18,0.28,2.348,9.456,Spontaneous Combustion / Fire,Critical Danger,Trigger Automated Fire Suppression & Evacuate
21.58,60.97,1008.72,187.03,73.6,93.2,3.4,0.082,1.187,Roof Fall / Rock Burst Risk,Critical Danger,Immediate Tunnel Evacuation: Structural Collapse Threat
28.26,52.4,1007.9,2488.02,164.36,75.44,0.23,0.126,31.886,Methane Accumulation,High Risk,Boost Ventilation Fan Speed & Alert Sector
21.87,62.62,1013.22,127.34,80.27,60.57,0.13,0.075,2.758,Normal,Safe,Maintain Regular Monitoring
45.27,39.94,1006.12,782.41,280.36,60.97,0.41,3.037,8.521,Spontaneous Combustion / Fire,Critical Danger,Trigger Automated Fire Suppression & Evacuate
26.86,64.57,1011.99,228.45,91.02,84.7,4.29,0.064,-0.811,Worker Fall / Distress,High Risk,Dispatch Medical Team & Locate Worker via LoRa Beacon
24.37,68.88,1010.19,212.68,72.05,58.48,0.06,-0.027,1.649,Normal,Safe,Maintain Regular Monitoring
22.55,62.59,1011.64,229.74,64.83,90.15,2.05,-0.019,-0.355,Roof Fall / Rock Burst Risk,Critical Danger,Immediate Tunnel Evacuation: Structural Collapse Threat
23.22,67.46,1011.72,138.39,80.28,65.03,0.23,0.018,-1.375,Normal,Safe,Maintain Regular Monitoring
55.45,29.56,1005.26,411.7,431.05,73.25,0.33,1.471,5.007,Spontaneous Combustion / Fire,Critical Danger,Trigger Automated Fire Suppression & Evacuate
25.51,62.71,1016.46,119.07,54.52,53.78,0.14,0.003,-0.756,Normal,Safe,Maintain Regular Monitoring
28.26,61.55,1007.99,1775.56,93.25,65.82,0.16,0.213,59.944,Methane Accumulation,Critical Danger,Immediate Evacuation & Cut Power Supply
23.9,58.28,1016.43,225.07,82.69,91.59,4.51,-0.001,-2.25,Roof Fall / Rock Burst Risk,Critical Danger,Immediate Tunnel Evacuation: Structural Collapse Threat
26.17,58.46,1016.08,99.4,49.38,52.19,0.12,0.001,2.379,Normal,Safe,Maintain Regular Monitoring
53.27,47.53,1011.92,778.55,595.96,65.24,0.35,1.945,4.281,Spontaneous Combustion / Fire,Critical Danger,Trigger Automated Fire Suppression & Evacuate
25.13,60.17,1014.91,218.42,62.53,88.49,2.2,-0.01,-0.845,Roof Fall / Rock Burst Risk,Critical Danger,Immediate Tunnel Evacuation: Structural Collapse Threat
22.51,68.05,1016.03,118.24,87.32,75.84,5.87,0.056,-0.38,Worker Fall / Distress,High Risk,Dispatch Medical Team & Locate Worker via LoRa Beacon
26.56,59.91,1011.13,135.46,35.07,58.67,0.15,0.023,0.574,Normal,Safe,Maintain Regular Monitoring
28.58,60.25,1001.17,2683.69,109.37,71.06,0.2,0.235,84.814,Methane Accumulation,Critical Danger,Immediate Evacuation & Cut Power Supply
26.68,58.53,1015.84,104.37,29.52,56.65,0.18,0.011,-0.35,Normal,Safe,Maintain Regular Monitoring
23.28,61.96,1007.34,260.3,109.39,90.35,4.91,-0.013,0.618,Worker Fall / Distress,High Risk,Dispatch Medical Team & Locate Worker via LoRa Beacon
26.21,60.21,1015.46,79.48,115.93,77.33,5.36,0.006,0.11,Worker Fall / Distress,High Risk,Dispatch Medical Team & Locate Worker via LoRa Beacon
51.78,35.38,1008.39,433.1,467.31,64.52,0.23,1.553,11.491,Spontaneous Combustion / Fire,Critical Danger,Trigger Automated Fire Suppression & Evacuate
30.51,82.05,1008.76,384.5,447.75,39.8,0.18,0.051,5.951,Toxic Gas / Poor Ventilation,High Risk,Activate Auxiliary Air Scrubbers & Ventilate
28.65,58.54,1004.74,1333.52,161.09,54.2,0.25,0.068,60.582,Methane Accumulation,Critical Danger,Immediate Evacuation & Cut Power Supply
52.84,35.16,1011.8,931.15,380.44,71.32,0.44,1.561,6.414,Spontaneous Combustion / Fire,Critical Danger,Trigger Automated Fire Suppression & Evacuate
24.59,52.14,1016.73,69.62,51.7,47.21,0.17,-0.022,2.042,Normal,Safe,Maintain Regular Monitoring
24.69,56.26,1010.56,257.01,64.31,99.01,5.16,0.025,-0.333,Roof Fall / Rock Burst Risk,Critical Danger,Immediate Tunnel Evacuation: Structural Collapse Threat
24.54,65.7,1012.59,174.93,66.94,42.88,0.17,-0.002,1.473,Normal,Safe,Maintain Regular Monitoring
33.75,89.92,1000.72,258.34,421.72,41.23,0.17,-0.033,2.569,Toxic Gas / Poor Ventilation,High Risk,Activate Auxiliary Air Scrubbers & Ventilate
25.28,63.34,1010.86,84.11,61.78,117.31,1.92,-0.03,0.034,Roof Fall / Rock Burst Risk,Critical Danger,Immediate Tunnel Evacuation: Structural Collapse Threat
27.33,62.57,1016.22,142.84,115.55,112.11,3.23,0.039,0.994,Roof Fall / Rock Burst Risk,Critical Danger,Immediate Tunnel Evacuation: Structural Collapse Threat
24.25,70.5,1015.09,128.25,64.97,69.17,0.09,0.021,0.113,Normal,Safe,Maintain Regular Monitoring
25.77,68.34,1012.04,158.93,65.28,51.46,0.06,0.021,-0.498,Normal,Safe,Maintain Regular Monitoring
20.14,63.71,1016.45,162.08,38.2,49.49,0.18,-0.029,1.312,Normal,Safe,Maintain Regular Monitoring
24.84,64.94,1008.07,4245.29,186.25,72.67,0.26,0.314,58.597,Methane Accumulation,Critical Danger,Immediate Evacuation & Cut Power Supply
24.76,56.21,1010.04,118.14,35.55,53.92,0.25,0.003,-0.148,Normal,Safe,Maintain Regular Monitoring
24.89,70.92,1011.06,87.81,58.02,71.3,4.65,-0.049,0.363,Worker Fall / Distress,High Risk,Dispatch Medical Team & Locate Worker via LoRa Beacon
49.34,32.01,1014.53,542.31,608.81,76.77,0.25,1.715,9.516,Spontaneous Combustion / Fire,Critical Danger,Trigger Automated Fire Suppression & Evacuate
24.39,58.62,1015.34,231.03,95.81,52.89,0.17,0.016,-0.159,Normal,Safe,Maintain Regular Monitoring
23.55,55.55,1007.92,2769.63,121.16,69.36,0.15,0.334,29.43,Methane Accumulation,Critical Danger,Immediate Evacuation & Cut Power Supply
25.56,56.65,1012.57,2469.22,107.51,75.03,0.33,0.2,35.314,Methane Accumulation,High Risk,Boost Ventilation Fan Speed & Alert Sector
52.94,30.65,1011.77,900.75,596.72,56.48,0.32,1.934,4.059,Spontaneous Combustion / Fire,Critical Danger,Trigger Automated Fire Suppression & Evacuate
26.95,70.97,1004.59,1130.11,110.01,57.57,0.34,0.218,16.584,Methane Accumulation,High Risk,Boost Ventilation Fan Speed & Alert Sector
32.13,92.87,1001.79,163.46,401.06,43.73,0.15,0.27,4.326,Toxic Gas / Poor Ventilation,High Risk,Activate Auxiliary Air Scrubbers & Ventilate
25.26,68.58,1008.8,3261.12,138.99,52.94,0.19,0.328,36.999,Methane Accumulation,Critical Danger,Immediate Evacuation & Cut Power Supply
22.99,68.02,1012.1,286.17,94.85,89.57,5.42,-0.008,1.82,Worker Fall / Distress,High Risk,Dispatch Medical Team & Locate Worker via LoRa Beacon
33.77,85.15,1004.91,250.84,286.07,44.33,0.16,-0.047,-1.98,Toxic Gas / Poor Ventilation,Moderate Risk,Inspect Ventilation Ducts & Airflow Dampers
24.59,67.71,1016.59,134.5,73.61,39.6,0.24,0.023,0.467,Normal,Safe,Maintain Regular Monitoring
22.75,74.53,1012.75,214.94,72.78,82.52,6.19,-0.013,-1.284,Worker Fall / Distress,High Risk,Dispatch Medical Team & Locate Worker via LoRa Beacon
27.49,60.18,1011.19,204.76,49.56,56.5,0.19,0.066,0.075,Normal,Safe,Maintain Regular Monitoring
34.52,95.29,1004.67,434.75,530.85,49.41,0.14,0.076,3.211,Toxic Gas / Poor Ventilation,High Risk,Activate Auxiliary Air Scrubbers & Ventilate
26.41,54.02,1007.74,4277.92,81.19,63.64,0.18,0.155,23.337,Methane Accumulation,Critical Danger,Immediate Evacuation & Cut Power Supply
29.35,93.73,1004.4,169.02,311.56,38.14,0.14,0.172,3.524,Toxic Gas / Poor Ventilation,Moderate Risk,Inspect Ventilation Ducts & Airflow Dampers
30.62,84.92,1008.4,191.58,375.52,41.48,0.06,0.098,1.554,Toxic Gas / Poor Ventilation,High Risk,Activate Auxiliary Air Scrubbers & Ventilate
29.51,86.34,1011.81,440,498.55,50.32,0.1,-0.066,3.907,Toxic Gas / Poor Ventilation,High Risk,Activate Auxiliary Air Scrubbers & Ventilate
24.66,60.33,1007.2,232.63,52.09,100.48,2.22,0.038,-0.287,Roof Fall / Rock Burst Risk,Critical Danger,Immediate Tunnel Evacuation: Structural Collapse Threat
24.32,58.65,1008.6,113.95,65.68,43.02,0.22,0.025,-1.88,Normal,Safe,Maintain Regular Monitoring
25.47,54.74,1010.78,163.14,88.03,49.43,0.23,-0.065,0.163,Normal,Safe,Maintain Regular Monitoring
30,65.6,1008.29,3029,100.65,67.58,0.12,-0.075,67.063,Methane Accumulation,Critical Danger,Immediate Evacuation & Cut Power Supply
24.1,57.46,1012.76,207.06,48.19,59.55,0.25,0.052,0.504,Normal,Safe,Maintain Regular Monitoring
18.34,66.98,1006.09,176.07,76.2,89.25,2.69,-0.014,0.617,Roof Fall / Rock Burst Risk,Critical Danger,Immediate Tunnel Evacuation: Structural Collapse Threat
23.91,69.09,1014.8,203.08,53.34,60.77,0.16,0.016,1.72,Normal,Safe,Maintain Regular Monitoring
22.82,57.49,1012.06,198.44,122.03,91.07,5.14,-0.037,-0.22,Worker Fall / Distress,High Risk,Dispatch Medical Team & Locate Worker via LoRa Beacon
46.33,43.04,1005.56,1041.67,597.92,63.31,0.34,1.169,3.449,Spontaneous Combustion / Fire,Critical Danger,Trigger Automated Fire Suppression & Evacuate
28.72,90.63,1012.15,431.15,513.99,38.81,0.06,0.019,2.609,Toxic Gas / Poor Ventilation,High Risk,Activate Auxiliary Air Scrubbers & Ventilate
26.45,62.03,1009.86,186.98,31.84,58.2,0.11,0.085,1.59,Normal,Safe,Maintain Regular Monitoring
34.54,87.15,1007.84,355.81,414.89,45.35,0.16,-0.055,1.311,Toxic Gas / Poor Ventilation,High Risk,Activate Auxiliary Air Scrubbers & Ventilate
25.64,69.25,1016.06,168.21,90.28,70.07,4.41,-0.005,0.419,Worker Fall / Distress,High Risk,Dispatch Medical Team & Locate Worker via LoRa Beacon
25.4,48.56,1007.19,2697.94,95.16,62.28,0.25,0.312,36.182,Methane Accumulation,Critical Danger,Immediate Evacuation & Cut Power Supply
57.27,33.64,1010.34,1091.82,542.63,75.2,0.21,1.895,5.345,Spontaneous Combustion / Fire,Critical Danger,Trigger Automated Fire Suppression & Evacuate
27.42,60.37,1010.52,237.94,63.74,121.9,5.04,0.014,0.376,Roof Fall / Rock Burst Risk,Critical Danger,Immediate Tunnel Evacuation: Structural Collapse Threat
21.79,58.33,1010.67,151.82,67.08,61.15,0.19,0.015,0.005,Normal,Safe,Maintain Regular Monitoring
23.55,63.2,1007.67,1542.48,80.75,62.26,0.26,0.309,54.435,Methane Accumulation,Critical Danger,Immediate Evacuation & Cut Power Supply
27.31,55.85,1007.25,4562.32,100.02,65.33,0.18,0.332,50.097,Methane Accumulation,Critical Danger,Immediate Evacuation & Cut Power Supply
25.67,60.8,1015.99,181.73,92.28,50.14,0.21,-0.02,0.237,Normal,Safe,Maintain Regular Monitoring
26.38,67.72,1008.06,1432.56,135.72,67.85,0.33,0.243,69.925,Methane Accumulation,Critical Danger,Immediate Evacuation & Cut Power Supply
23,71.61,1014.21,212.53,77.88,52.79,0.17,0.076,1.656,Normal,Safe,Maintain Regular Monitoring
21.84,63.55,1013.64,93.56,48.57,54.41,0.06,0.062,-1.207,Normal,Safe,Maintain Regular Monitoring
27.77,67.71,1012.36,68.41,40.45,57.98,0.2,0.047,1.73,Normal,Safe,Maintain Regular Monitoring
22.74,70.6,1009.91,294.08,128.95,89.87,5.28,-0.047,0.488,Worker Fall / Distress,High Risk,Dispatch Medical Team & Locate Worker via LoRa Beacon
51.3,46.89,1010.07,519.07,373.54,67.45,0.43,2.17,11.264,Spontaneous Combustion / Fire,Critical Danger,Trigger Automated Fire Suppression & Evacuate
25.2,72.5,1009.17,175.89,96.41,82.61,6.39,-0.054,0.833,Worker Fall / Distress,High Risk,Dispatch Medical Team & Locate Worker via LoRa Beacon
26.47,63.15,1004.78,4404.87,104.33,59.92,0.16,0.239,78.912,Methane Accumulation,Critical Danger,Immediate Evacuation & Cut Power Supply
23.55,71.85,1014.86,122.03,82.78,52.19,0.14,-0.075,0.371,Normal,Safe,Maintain Regular Monitoring
30.1,61.36,1002.59,4591,78.97,52.42,0.31,0.367,20.035,Methane Accumulation,Critical Danger,Immediate Evacuation & Cut Power Supply
25.76,54.34,1013.91,1340.6,183.26,70.09,0.19,0.221,30.593,Methane Accumulation,High Risk,Boost Ventilation Fan Speed & Alert Sector
27.79,63.68,1014.29,102.05,77.64,60.13,0.09,-0.004,0.545,Normal,Safe,Maintain Regular Monitoring
40.48,43.26,1005.15,455.17,545.21,69.69,0.45,3.148,9.6,Spontaneous Combustion / Fire,Critical Danger,Trigger Automated Fire Suppression & Evacuate
24.57,69,1011.32,212.97,42.06,46.46,0.17,0.143,1.162,Normal,Safe,Maintain Regular Monitoring
48.15,44.92,1010.21,521.85,421.53,55.54,0.26,2.416,7.802,Spontaneous Combustion / Fire,Critical Danger,Trigger Automated Fire Suppression & Evacuate
50,35.04,1009.17,518.46,501.34,65.27,0.16,0.996,4.434,Spontaneous Combustion / Fire,Critical Danger,Trigger Automated Fire Suppression & Evacuate
23.46,59.48,1013.73,128.98,50.34,54.4,0.18,0.074,-0.749,Normal,Safe,Maintain Regular Monitoring
25.55,61.28,1008.95,204.63,67.99,52.73,0.13,0.028,-0.328,Normal,Safe,Maintain Regular Monitoring
25.27,65.93,1009.41,173.89,52.95,106.2,4.9,0,-0.93,Roof Fall / Rock Burst Risk,Critical Danger,Immediate Tunnel Evacuation: Structural Collapse Threat
25.73,65.27,1002.99,1775.61,131.71,76.18,0.3,0.229,38.699,Methane Accumulation,High Risk,Boost Ventilation Fan Speed & Alert Sector
25,58.9,1015.1,195.36,71.61,48.36,0.05,0.039,0.773,Normal,Safe,Maintain Regular Monitoring
22.27,74.68,1014.68,154.44,109.65,94.36,4.09,0.021,0.197,Worker Fall / Distress,High Risk,Dispatch Medical Team & Locate Worker via LoRa Beacon
26.53,67.8,1013.78,130.45,72.47,57.44,0.17,-0.004,-1.854,Normal,Safe,Maintain Regular Monitoring
25.87,62.31,1013.85,183.43,49.91,93.81,5.16,0.015,-0.513,Roof Fall / Rock Burst Risk,Critical Danger,Immediate Tunnel Evacuation: Structural Collapse Threat
29.14,59.94,1010.59,261.58,45.75,77.25,4.21,0.002,-1.245,Worker Fall / Distress,High Risk,Dispatch Medical Team & Locate Worker via LoRa Beacon
24.16,64.15,1011.93,123.46,83.96,53.61,0.2,-0.002,0.786,Normal,Safe,Maintain Regular Monitoring
24.61,60.44,1013.94,96.8,41.22,60.77,0.08,0.016,0.032,Normal,Safe,Maintain Regular Monitoring
27.51,65.36,1014.5,81.03,72.42,59.39,0.2,0.042,1.546,Normal,Safe,Maintain Regular Monitoring
22.57,61.29,1014.1,116.45,40.15,58.86,0.2,0.052,-0.694,Normal,Safe,Maintain Regular Monitoring
26.56,60.28,1013.15,189.24,88.85,52.18,0.08,0.025,-0.782,Normal,Safe,Maintain Regular Monitoring
24.3,62.92,1007.95,172,118.34,92.23,3.07,-0.024,1.777,Roof Fall / Rock Burst Risk,Critical Danger,Immediate Tunnel Evacuation: Structural Collapse Threat
22.99,63.26,1011.74,214.09,58.26,62.14,0.18,0.108,0.554,Normal,Safe,Maintain Regular Monitoring
26.13,52.04,1009.72,1672.91,103.15,68.2,0.31,0.354,35.696,Methane Accumulation,High Risk,Boost Ventilation Fan Speed & Alert Sector
25.53,67.15,1009.54,121.68,126.11,77.76,4.29,-0.011,0.518,Worker Fall / Distress,High Risk,Dispatch Medical Team & Locate Worker via LoRa Beacon
29.93,86.62,1002.9,274.3,357.47,43.76,0.11,0.088,1.929,Toxic Gas / Poor Ventilation,High Risk,Activate Auxiliary Air Scrubbers & Ventilate
53.56,30.02,1009,356.02,656.02,69.58,0.4,2.292,10.75,Spontaneous Combustion / Fire,Critical Danger,Trigger Automated Fire Suppression & Evacuate
27.02,65.1,1011.35,174.16,50.39,50.21,0.12,0.045,0.539,Normal,Safe,Maintain Regular Monitoring
55.87,38.24,1009.31,445.86,327.03,73.81,0.35,2.153,8.59,Spontaneous Combustion / Fire,Critical Danger,Trigger Automated Fire Suppression & Evacuate
27.1,56,1009.99,3031.13,140.29,52.74,0.18,0.306,84.865,Methane Accumulation,Critical Danger,Immediate Evacuation & Cut Power Supply
27.9,61.23,1012.84,1614.05,151.77,56.8,0.28,0.155,43.459,Methane Accumulation,High Risk,Boost Ventilation Fan Speed & Alert Sector
21.04,65.28,1009.32,117.82,59.46,56.59,0.18,0.033,-1.729,Normal,Safe,Maintain Regular Monitoring
33.88,82.95,1005.42,341.73,281.88,48.43,0.13,-0.014,0.43,Toxic Gas / Poor Ventilation,Moderate Risk,Inspect Ventilation Ducts & Airflow Dampers
27.34,69.99,1016.38,2384.12,171.35,62.06,0.15,0.182,67.045,Methane Accumulation,Critical Danger,Immediate Evacuation & Cut Power Supply
25.08,63.63,1014.35,42.22,86.35,65.62,0.2,0.023,-0.588,Normal,Safe,Maintain Regular Monitoring
27.87,64,1007.23,4408.48,109.03,66.36,0.28,0.344,29.088,Methane Accumulation,Critical Danger,Immediate Evacuation & Cut Power Supply
27.43,74.69,1006.64,1482.81,163.43,54.21,0.24,0.132,43.722,Methane Accumulation,High Risk,Boost Ventilation Fan Speed & Alert Sector
34.44,94.32,996.08,247.66,300.97,45.62,0.15,0.029,-0.931,Toxic Gas / Poor Ventilation,Moderate Risk,Inspect Ventilation Ducts & Airflow Dampers
23.82,60.17,1011.87,206.23,81.47,104.88,2.82,-0.003,1.147,Roof Fall / Rock Burst Risk,Critical Danger,Immediate Tunnel Evacuation: Structural Collapse Threat
25.71,66.95,1013.04,199.27,99.73,112.49,4.04,-0.027,0.618,Roof Fall / Rock Burst Risk,Critical Danger,Immediate Tunnel Evacuation: Structural Collapse Threat
27.17,63.89,1012.54,66.87,53.75,56.78,0.16,0.025,-1.912,Normal,Safe,Maintain Regular Monitoring
27.15,57.7,1001.17,1631.9,80.48,66.51,0.33,0.231,58.26,Methane Accumulation,Critical Danger,Immediate Evacuation & Cut Power Supply
27.64,55.57,1010.89,4609.94,158.58,69.15,0.27,0.228,27.568,Methane Accumulation,Critical Danger,Immediate Evacuation & Cut Power Supply
24.21,60.58,1015.04,66.89,91.17,61.48,0.12,0.082,-0.012,Normal,Safe,Maintain Regular Monitoring
22.52,59.8,1020.65,85.63,30.49,61.45,0.06,0.036,-0.036,Normal,Safe,Maintain Regular Monitoring
27.54,62.28,1010.92,245.38,48.85,117.47,3.65,0.008,-0.358,Roof Fall / Rock Burst Risk,Critical Danger,Immediate Tunnel Evacuation: Structural Collapse Threat
25.54,66.06,1016.63,70.11,91.52,59.74,0.21,0.118,1.088,Normal,Safe,Maintain Regular Monitoring
48.33,35.11,1004.43,624.24,349.16,71.16,0.19,1.669,10.52,Spontaneous Combustion / Fire,Critical Danger,Trigger Automated Fire Suppression & Evacuate
27.01,58.66,1012.33,57.13,46.23,64.47,0.09,0.076,0.405,Normal,Safe,Maintain Regular Monitoring
23.68,62.78,1013.37,132.4,53.72,55.91,0.24,-0.038,1.05,Normal,Safe,Maintain Regular Monitoring
22.57,62.91,1013.23,159.85,69.92,47.73,0.06,0.073,3.056,Normal,Safe,Maintain Regular Monitoring
26.88,66.77,1010.98,71.77,115.38,82.24,5.89,0.009,-0.886,Worker Fall / Distress,High Risk,Dispatch Medical Team & Locate Worker via LoRa Beacon
32.9,94.81,998.52,176.33,502.9,49.1,0.08,0.016,0.731,Toxic Gas / Poor Ventilation,High Risk,Activate Auxiliary Air Scrubbers & Ventilate
24.96,62.89,1012.71,212.07,56.87,90.72,6.06,0.058,0.872,Worker Fall / Distress,High Risk,Dispatch Medical Team & Locate Worker via LoRa Beacon
27.1,62.88,1010.86,3749.6,82.65,59.99,0.1,0.187,26.082,Methane Accumulation,Critical Danger,Immediate Evacuation & Cut Power Supply
23.92,64.36,1013.44,94.28,62.47,55.38,0.07,0.078,2.124,Normal,Safe,Maintain Regular Monitoring
40.81,43.17,1009.92,258.43,665.62,61.88,0.38,1.229,5.417,Spontaneous Combustion / Fire,Critical Danger,Trigger Automated Fire Suppression & Evacuate
27.95,56.38,1008.66,1691.21,113.21,65.28,0.22,0.363,53.795,Methane Accumulation,Critical Danger,Immediate Evacuation & Cut Power Supply
30.46,94.47,1009.05,174.42,368.53,48.86,0.05,0.121,2.133,Toxic Gas / Poor Ventilation,High Risk,Activate Auxiliary Air Scrubbers & Ventilate
23.57,56.79,1009.24,217.91,74.02,46.22,0.09,0.021,1.082,Normal,Safe,Maintain Regular Monitoring
26.42,64.52,1013,3821.42,178.15,57.02,0.18,0.311,69.501,Methane Accumulation,Critical Danger,Immediate Evacuation & Cut Power Supply
24.31,67.44,1012.19,51.44,51.75,37.01,0.15,0,-1.881,Normal,Safe,Maintain Regular Monitoring
25.45,64.64,1011.29,140.24,89.58,54.73,0.22,0.021,0.481,Normal,Safe,Maintain Regular Monitoring
25.56,64.24,1013.43,162.73,66.51,110.36,2.58,-0.021,-1.365,Roof Fall / Rock Burst Risk,Critical Danger,Immediate Tunnel Evacuation: Structural Collapse Threat
23.42,62.7,1004.28,1879.47,75.8,60.89,0.24,0.125,40.754,Methane Accumulation,High Risk,Boost Ventilation Fan Speed & Alert Sector
28.24,62.61,1007.48,2398.51,133.15,71.1,0.34,0.029,84.825,Methane Accumulation,Critical Danger,Immediate Evacuation & Cut Power Supply
26.03,68.34,999.07,4743.02,154.93,61.31,0.21,0.201,83.875,Methane Accumulation,Critical Danger,Immediate Evacuation & Cut Power Supply
26.39,51.96,1008.39,937.27,112.56,78.69,0.23,0.334,64.493,Methane Accumulation,Critical Danger,Immediate Evacuation & Cut Power Supply
28.57,59.72,1010.92,230.48,112.3,106.33,1.91,-0.013,0.404,Roof Fall / Rock Burst Risk,Critical Danger,Immediate Tunnel Evacuation: Structural Collapse Threat
30.9,90.38,1006.72,278.93,368.22,50.42,0.06,-0.017,0.112,Toxic Gas / Poor Ventilation,High Risk,Activate Auxiliary Air Scrubbers & Ventilate
23.25,58.17,1012.27,196.51,48.73,84.88,6.5,-0.019,-0.573,Worker Fall / Distress,High Risk,Dispatch Medical Team & Locate Worker via LoRa Beacon
27.31,63.18,1010.95,137.91,81.86,110.48,4.35,-0.022,-0.931,Roof Fall / Rock Burst Risk,Critical Danger,Immediate Tunnel Evacuation: Structural Collapse Threat
22.68,54.95,1008.11,118.63,56.41,62.69,0.11,0.046,0.985,Normal,Safe,Maintain Regular Monitoring
28.6,59.74,1012.14,88.1,42.34,108.84,2.83,-0.018,0.663,Roof Fall / Rock Burst Risk,Critical Danger,Immediate Tunnel Evacuation: Structural Collapse Threat
27.57,62.56,1005.26,2882.35,83.45,71.29,0.23,0.361,79.853,Methane Accumulation,Critical Danger,Immediate Evacuation & Cut Power Supply
24.99,62.06,1010.12,130.23,50.03,59.94,0.14,0.016,-0.608,Normal,Safe,Maintain Regular Monitoring
28.57,91.55,1005.43,320.26,523.64,46.78,0.06,-0.044,4.87,Toxic Gas / Poor Ventilation,High Risk,Activate Auxiliary Air Scrubbers & Ventilate
23.07,65.79,1014.45,93.1,38.96,55.59,0.09,-0.023,0.299,Normal,Safe,Maintain Regular Monitoring
32.87,91.14,1009.45,245.96,292.68,42.79,0.15,-0.072,2.065,Toxic Gas / Poor Ventilation,Moderate Risk,Inspect Ventilation Ducts & Airflow Dampers
25.91,70.74,1009.18,3812.63,123.04,63.28,0.14,0.182,20.272,Methane Accumulation,Critical Danger,Immediate Evacuation & Cut Power Supply
51.82,33.84,1014.82,291.55,635.27,55.34,0.36,3.192,2.003,Spontaneous Combustion / Fire,Critical Danger,Trigger Automated Fire Suppression & Evacuate
51.13,43.34,1009.51,428.44,445.23,69.49,0.4,1.092,10.165,Spontaneous Combustion / Fire,Critical Danger,Trigger Automated Fire Suppression & Evacuate
33.4,86.86,1003.58,357.09,210.02,51.05,0.12,0.172,3.235,Toxic Gas / Poor Ventilation,Moderate Risk,Inspect Ventilation Ducts & Airflow Dampers
48.35,45.14,1012.78,744.98,298.72,69.5,0.42,2.64,8.992,Spontaneous Combustion / Fire,Critical Danger,Trigger Automated Fire Suppression & Evacuate
57.68,29.5,1004.71,785.86,591.13,65.1,0.44,2.027,9.862,Spontaneous Combustion / Fire,Critical Danger,Trigger Automated Fire Suppression & Evacuate
24.94,64.79,1014.97,200.8,98.31,56.82,0.09,0.006,0.111,Normal,Safe,Maintain Regular Monitoring
30.58,50.48,1001.74,4486.42,179.81,68.25,0.2,0.376,61.41,Methane Accumulation,Critical Danger,Immediate Evacuation & Cut Power Supply
23.47,55.46,1007.81,106.7,66.82,59.99,0.12,0.056,2.239,Normal,Safe,Maintain Regular Monitoring
24.77,61.75,1018.78,196.04,112.56,107.26,4.52,-0.01,0.28,Roof Fall / Rock Burst Risk,Critical Danger,Immediate Tunnel Evacuation: Structural Collapse Threat
29.08,48.05,1006.85,4642.23,102.62,73.06,0.29,0.154,71.175,Methane Accumulation,Critical Danger,Immediate Evacuation & Cut Power Supply
19.7,61.16,1011.14,173.65,82.3,115.1,5.09,0.015,-0.408,Roof Fall / Rock Burst Risk,Critical Danger,Immediate Tunnel Evacuation: Structural Collapse Threat
24.71,63.22,1009.47,116.11,72.17,63.25,0.19,0.102,-0.114,Normal,Safe,Maintain Regular Monitoring
24.16,61,1012.64,190.04,64.68,49.52,0.23,0.113,-1.377,Normal,Safe,Maintain Regular Monitoring
20.57,60.35,1014.13,209.28,61.99,114.83,4.71,-0.032,0.981,Roof Fall / Rock Burst Risk,Critical Danger,Immediate Tunnel Evacuation: Structural Collapse Threat
23.73,60.11,1015.63,132.16,51.06,56.53,0.16,0.063,-0.872,Normal,Safe,Maintain Regular Monitoring
23.1,57.5,1019.51,235.5,46.2,52.84,0.1,0.089,0.833,Normal,Safe,Maintain Regular Monitoring
26.37,70.61,1017.47,169.43,78.08,53.73,0.06,-0.015,3.072,Normal,Safe,Maintain Regular Monitoring
25.78,62.42,1008.7,283.26,79.82,90.06,6.26,0.007,-0.054,Worker Fall / Distress,High Risk,Dispatch Medical Team & Locate Worker via LoRa Beacon
25.85,65.97,1014.12,94.67,58.61,120.72,3.5,0.039,1.321,Roof Fall / Rock Burst Risk,Critical Danger,Immediate Tunnel Evacuation: Structural Collapse Threat
26.33,59.02,1004.75,2334.02,111.98,53.97,0.14,0.133,59.828,Methane Accumulation,Critical Danger,Immediate Evacuation & Cut Power Supply
24.53,66.19,1010.71,186.21,86.55,49.28,0.17,0.008,2.31,Normal,Safe,Maintain Regular Monitoring
27.05,66.25,1014.81,149.28,70.53,53.38,0.15,-0.052,0.626,Normal,Safe,Maintain Regular Monitoring
22.75,62.52,1006.29,168.07,57.97,89.83,4.45,0.024,-1.184,Roof Fall / Rock Burst Risk,Critical Danger,Immediate Tunnel Evacuation: Structural Collapse Threat
37.04,45.31,1014.29,394.33,648.14,53.23,0.37,3.167,5.707,Spontaneous Combustion / Fire,Critical Danger,Trigger Automated Fire Suppression & Evacuate
23.99,54.89,1007.29,196.08,46.11,50.44,0.1,-0.023,-0.455,Normal,Safe,Maintain Regular Monitoring
25.09,69.75,1009.01,94.25,56.36,58.47,0.15,-0.062,-1.871,Normal,Safe,Maintain Regular Monitoring
24.14,64.06,1011.35,208.43,96.25,60.1,0.06,-0.023,-1.231,Normal,Safe,Maintain Regular Monitoring
52.92,45.27,1014.44,560.1,461.77,66.53,0.26,1.294,10.945,Spontaneous Combustion / Fire,Critical Danger,Trigger Automated Fire Suppression & Evacuate
23.07,65.91,1009.03,240.23,112.96,114.97,2.4,-0.013,1.023,Roof Fall / Rock Burst Risk,Critical Danger,Immediate Tunnel Evacuation: Structural Collapse Threat
24.89,64.18,1016.92,199.67,39.56,60.47,0.07,-0.023,0.198,Normal,Safe,Maintain Regular Monitoring
25.56,64.21,1009.73,55.57,85.71,59.05,0.21,-0.031,0.284,Normal,Safe,Maintain Regular Monitoring
24.63,65.48,1015.11,210.06,62.89,65.17,0.16,0.067,0.256,Normal,Safe,Maintain Regular Monitoring
28.29,64.57,1013.03,233.33,116.94,79.68,3.58,0.018,-0.007,Worker Fall / Distress,High Risk,Dispatch Medical Team & Locate Worker via LoRa Beacon
26.71,64.42,1011.23,175.45,46.32,54.67,0.2,0.093,-1.348,Normal,Safe,Maintain Regular Monitoring
22.61,64.22,1012.42,157.85,90.24,92.17,3.55,-0.01,1.884,Roof Fall / Rock Burst Risk,Critical Danger,Immediate Tunnel Evacuation: Structural Collapse Threat
50.35,32.1,1011.38,415.99,512.76,67.83,0.32,2.326,8.151,Spontaneous Combustion / Fire,Critical Danger,Trigger Automated Fire Suppression & Evacuate
26.26,60.01,1006.71,3893.67,187.61,52.29,0.34,0.062,47.194,Methane Accumulation,Critical Danger,Immediate Evacuation & Cut Power Supply
21.6,55.73,1015.65,52.04,42.77,52.7,0.23,0.033,-0.09,Normal,Safe,Maintain Regular Monitoring
25.04,56.68,1012.66,226.92,71.84,55.78,0.18,0.031,3.304,Normal,Safe,Maintain Regular Monitoring
38.07,45.68,1007.36,712.21,238.46,67.85,0.41,3.114,10.158,Spontaneous Combustion / Fire,High Risk,Dispatch Fire Inspection Team & Seal Airflow
26.67,52.64,1007.23,111.53,117.47,95.25,2.45,-0.038,0.95,Roof Fall / Rock Burst Risk,Critical Danger,Immediate Tunnel Evacuation: Structural Collapse Threat
56.65,28.22,1010.01,664.85,295.15,66.5,0.3,1.911,10.903,Spontaneous Combustion / Fire,Critical Danger,Trigger Automated Fire Suppression & Evacuate
36.2,47.53,1006.38,289.75,467.53,70.59,0.22,1.613,4.451,Spontaneous Combustion / Fire,Critical Danger,Trigger Automated Fire Suppression & Evacuate
25.79,72.07,1013.35,176.33,36.22,60.63,0.24,0.065,2.825,Normal,Safe,Maintain Regular Monitoring
23.91,65.08,1012.52,81.99,41.89,71.27,5.21,0.026,-0.007,Worker Fall / Distress,High Risk,Dispatch Medical Team & Locate Worker via LoRa Beacon
29.86,65.57,1006.27,172.93,41.55,97.6,1.98,0.021,0.709,Roof Fall / Rock Burst Risk,Critical Danger,Immediate Tunnel Evacuation: Structural Collapse Threat
24.97,66.75,1008.71,173,85.51,51.81,0.19,-0.011,-1.484,Normal,Safe,Maintain Regular Monitoring
27.6,62.95,1013.4,125.99,124.42,86.33,6.4,0.071,1.246,Worker Fall / Distress,High Risk,Dispatch Medical Team & Locate Worker via LoRa Beacon
53.89,34.75,1011.09,1069.42,230.09,76.61,0.32,2.856,10.662,Spontaneous Combustion / Fire,Critical Danger,Trigger Automated Fire Suppression & Evacuate
49.27,44.32,1005.32,515.44,325.15,80.8,0.21,2.637,5.941,Spontaneous Combustion / Fire,Critical Danger,Trigger Automated Fire Suppression & Evacuate
23.57,69.95,1016,249.37,97.07,115.07,4.88,-0.038,1.196,Roof Fall / Rock Burst Risk,Critical Danger,Immediate Tunnel Evacuation: Structural Collapse Threat
34.09,92.47,1011.75,410.31,541.72,51.33,0.09,0.002,-0.871,Toxic Gas / Poor Ventilation,High Risk,Activate Auxiliary Air Scrubbers & Ventilate
41.45,45.65,1009.34,556.72,505.45,75.86,0.2,1.623,6.483,Spontaneous Combustion / Fire,Critical Danger,Trigger Automated Fire Suppression & Evacuate
25.69,61.62,1016.98,211.11,41.44,53.54,0.07,0.096,-0.298,Normal,Safe,Maintain Regular Monitoring
21.72,61.09,1013.52,171.36,85.93,57,0.24,-0.041,2.331,Normal,Safe,Maintain Regular Monitoring
28.8,59.88,1015.63,228.11,122.46,70.27,6.07,-0.012,-1.482,Worker Fall / Distress,High Risk,Dispatch Medical Team & Locate Worker via LoRa Beacon
25.01,63.54,1019.18,109.64,60.75,52.31,0.15,0.049,1.401,Normal,Safe,Maintain Regular Monitoring
27.08,59.09,1001.82,4082.57,135.71,43.92,0.32,0.244,67.818,Methane Accumulation,Critical Danger,Immediate Evacuation & Cut Power Supply
30.52,59.26,1004.73,1780.03,188.11,78.18,0.17,0.253,37.526,Methane Accumulation,High Risk,Boost Ventilation Fan Speed & Alert Sector
29.51,53.78,1015.42,3188.41,162.26,39.95,0.12,0.233,61.837,Methane Accumulation,Critical Danger,Immediate Evacuation & Cut Power Supply
43.21,36.19,1015.13,446.49,670.48,69.24,0.3,1.393,7.075,Spontaneous Combustion / Fire,Critical Danger,Trigger Automated Fire Suppression & Evacuate
25,68.45,1014.43,206.36,92.19,94.92,4.12,0.021,1.412,Worker Fall / Distress,High Risk,Dispatch Medical Team & Locate Worker via LoRa Beacon
24.53,54.75,1016.08,57.48,65.22,52.97,0.08,-0.041,1.536,Normal,Safe,Maintain Regular Monitoring
25.44,61.15,1012.21,59.66,55.86,61.83,0.19,0.011,1.162,Normal,Safe,Maintain Regular Monitoring
27.15,58.99,1011.99,62.23,52.38,56.55,0.06,-0.018,2.776,Normal,Safe,Maintain Regular Monitoring
28.42,88.61,1009.68,369.7,236.96,40.93,0.08,0.054,0.773,Toxic Gas / Poor Ventilation,Moderate Risk,Inspect Ventilation Ducts & Airflow Dampers
57.65,38.29,1006.46,880.6,534.15,65.16,0.38,3.18,3.715,Spontaneous Combustion / Fire,Critical Danger,Trigger Automated Fire Suppression & Evacuate
25.4,63.01,1013,187.75,47.75,41.69,0.11,0.012,1.816,Normal,Safe,Maintain Regular Monitoring
34.12,84.17,1007.75,396.86,296.63,43.98,0.17,-0.061,0.584,Toxic Gas / Poor Ventilation,Moderate Risk,Inspect Ventilation Ducts & Airflow Dampers
29.12,88.62,1006.47,374.35,514.45,39.07,0.17,0.072,2.46,Toxic Gas / Poor Ventilation,High Risk,Activate Auxiliary Air Scrubbers & Ventilate
28.53,92.01,1004.28,370.71,548.95,48.76,0.09,-0.114,2.754,Toxic Gas / Poor Ventilation,High Risk,Activate Auxiliary Air Scrubbers & Ventilate
29.37,85.48,1006.05,421.85,520.33,38.77,0.05,-0.069,-0.632,Toxic Gas / Poor Ventilation,High Risk,Activate Auxiliary Air Scrubbers & Ventilate
22.97,60.89,1010.79,162.66,63.48,60.15,0.12,0.047,0.202,Normal,Safe,Maintain Regular Monitoring
23.99,63.5,1008.63,108.07,77.03,95.51,4.31,0.012,-0.244,Roof Fall / Rock Burst Risk,Critical Danger,Immediate Tunnel Evacuation: Structural Collapse Threat
27.76,64.93,1009.15,3266.01,126.8,56.4,0.2,0.17,42.882,Methane Accumulation,Critical Danger,Immediate Evacuation & Cut Power Supply
30.3,92.8,1006.84,424.94,498.93,49.17,0.18,0.134,2.655,Toxic Gas / Poor Ventilation,High Risk,Activate Auxiliary Air Scrubbers & Ventilate
27.71,67.79,1011.37,81.99,83.57,102.8,3.33,0.011,0.959,Roof Fall / Rock Burst Risk,Critical Danger,Immediate Tunnel Evacuation: Structural Collapse Threat
24.64,68.8,1010.86,242.52,79.96,103.2,4.39,-0.03,1.413,Roof Fall / Rock Burst Risk,Critical Danger,Immediate Tunnel Evacuation: Structural Collapse Threat
38.26,33.3,1008.6,472.55,513.35,62.97,0.44,2.652,11.266,Spontaneous Combustion / Fire,Critical Danger,Trigger Automated Fire Suppression & Evacuate
25.77,66.39,1007.97,185.32,87.69,54.86,0.21,0.024,2.182,Normal,Safe,Maintain Regular Monitoring
51.07,46.29,1010.85,497.06,360.39,90.04,0.39,2.012,3.635,Spontaneous Combustion / Fire,Critical Danger,Trigger Automated Fire Suppression & Evacuate
24.85,59.55,1018.29,173.06,52.91,82.7,6.19,-0.024,0.486,Worker Fall / Distress,High Risk,Dispatch Medical Team & Locate Worker via LoRa Beacon
22.82,73.93,1013.69,96.14,124.74,85.52,6,0.041,-0.873,Worker Fall / Distress,High Risk,Dispatch Medical Team & Locate Worker via LoRa Beacon
23.62,68.73,1017.88,54.41,74.33,56.71,0.24,0.036,1.635,Normal,Safe,Maintain Regular Monitoring
25.7,59.7,1012.09,131.93,68.34,62.36,0.21,-0.041,1.334,Normal,Safe,Maintain Regular Monitoring
25.16,57,1009.44,103.61,50.28,49.2,0.2,0.082,0.842,Normal,Safe,Maintain Regular Monitoring
24.64,58.79,1016.78,205.24,98.32,110.15,2.12,0.05,1.287,Roof Fall / Rock Burst Risk,Critical Danger,Immediate Tunnel Evacuation: Structural Collapse Threat
34.95,91.71,1008.78,356.05,385.04,50.15,0.18,0.093,3.644,Toxic Gas / Poor Ventilation,High Risk,Activate Auxiliary Air Scrubbers & Ventilate
24.86,60.14,1016.11,78.51,77.55,50.24,0.1,-0.037,1.738,Normal,Safe,Maintain Regular Monitoring
27.64,55.31,1010.77,2246.54,178.05,57.28,0.3,0.184,38.612,Methane Accumulation,High Risk,Boost Ventilation Fan Speed & Alert Sector
33.5,87.74,1002.11,355.38,414.83,51.66,0.17,0.182,-0.07,Toxic Gas / Poor Ventilation,High Risk,Activate Auxiliary Air Scrubbers & Ventilate
24.62,61.94,1009.99,110.47,79.7,110.55,3.49,-0.064,-0.309,Roof Fall / Rock Burst Risk,Critical Danger,Immediate Tunnel Evacuation: Structural Collapse Threat
55.27,46.78,1010.68,775.22,625.44,70.05,0.19,1.902,5.238,Spontaneous Combustion / Fire,Critical Danger,Trigger Automated Fire Suppression & Evacuate
48.88,34.03,1008.73,791.72,389,70.49,0.21,1.708,10.474,Spontaneous Combustion / Fire,Critical Danger,Trigger Automated Fire Suppression & Evacuate
28.92,64.32,998.86,3413.32,111.74,60.21,0.15,0.014,34.895,Methane Accumulation,Critical Danger,Immediate Evacuation & Cut Power Supply
24.2,60.15,1013.74,149.56,83.47,61.99,0.09,0.067,-2.297,Normal,Safe,Maintain Regular Monitoring
54.56,29.21,1015.51,1081.21,591.29,72.92,0.23,2.716,9.633,Spontaneous Combustion / Fire,Critical Danger,Trigger Automated Fire Suppression & Evacuate
26.59,66.85,1012.39,125.43,44.68,101.64,4.59,0.003,0.57,Roof Fall / Rock Burst Risk,Critical Danger,Immediate Tunnel Evacuation: Structural Collapse Threat
28.03,83.54,1001.78,255.26,238.42,49.84,0.16,-0.014,2.596,Toxic Gas / Poor Ventilation,Moderate Risk,Inspect Ventilation Ducts & Airflow Dampers
47.51,31.68,1010.46,874.76,263.54,55.32,0.24,3.302,6.291,Spontaneous Combustion / Fire,Critical Danger,Trigger Automated Fire Suppression & Evacuate
21.34,65.15,1010.49,125.37,102.79,102.74,2.49,0.027,1.487,Roof Fall / Rock Burst Risk,Critical Danger,Immediate Tunnel Evacuation: Structural Collapse Threat
26,60.11,1011.3,101.07,73.32,52.68,0.1,-0.005,0.169,Normal,Safe,Maintain Regular Monitoring
24.82,60.73,1007.18,3961.5,138.91,68.54,0.23,0.249,37.633,Methane Accumulation,Critical Danger,Immediate Evacuation & Cut Power Supply
27.6,46.95,1015.27,174.87,54.23,59.65,0.08,0.057,0.192,Normal,Safe,Maintain Regular Monitoring
21.92,63.7,1013.35,132.52,48.65,56.12,0.08,-0.015,0.59,Normal,Safe,Maintain Regular Monitoring
23,72,1016.23,169.9,98.05,105.18,3.82,-0.011,0.776,Roof Fall / Rock Burst Risk,Critical Danger,Immediate Tunnel Evacuation: Structural Collapse Threat
28.5,72.67,1013.53,287.78,73.9,84.43,3.48,-0.055,-1.781,Worker Fall / Distress,High Risk,Dispatch Medical Team & Locate Worker via LoRa Beacon
24.59,68.31,1015.98,87.31,40.78,51.59,0.14,0.12,-0.065,Normal,Safe,Maintain Regular Monitoring
28.7,55.03,1006.69,3441.23,169.4,53.3,0.3,0.114,23.561,Methane Accumulation,Critical Danger,Immediate Evacuation & Cut Power Supply
29.52,94.11,1010.42,407.2,533.53,39.06,0.12,0.156,2.877,Toxic Gas / Poor Ventilation,High Risk,Activate Auxiliary Air Scrubbers & Ventilate
26.73,65.3,1009.92,79.98,27.27,53.46,0.11,0.061,0.821,Normal,Safe,Maintain Regular Monitoring
54.47,33.05,1009.04,1075.34,472.76,65.7,0.2,3.07,5.952,Spontaneous Combustion / Fire,Critical Danger,Trigger Automated Fire Suppression & Evacuate
24.45,66.29,1012.34,240.67,109.5,107.53,2.55,-0.089,0.538,Roof Fall / Rock Burst Risk,Critical Danger,Immediate Tunnel Evacuation: Structural Collapse Threat
49.37,43.62,1009.76,632.38,464.72,80.14,0.41,2.17,6.809,Spontaneous Combustion / Fire,Critical Danger,Trigger Automated Fire Suppression & Evacuate
23.41,56.87,1011.68,219.76,73.41,59.9,0.08,0.033,2.054,Normal,Safe,Maintain Regular Monitoring
28.21,65.57,1004.47,3924.98,169.74,70.99,0.18,0.084,66.733,Methane Accumulation,Critical Danger,Immediate Evacuation & Cut Power Supply
29.68,59.56,1008.5,112.05,46.21,109.01,4.69,-0.002,1.88,Roof Fall / Rock Burst Risk,Critical Danger,Immediate Tunnel Evacuation: Structural Collapse Threat
39.47,33.43,1008.95,447.21,403.56,63.46,0.37,2.45,2.812,Spontaneous Combustion / Fire,Critical Danger,Trigger Automated Fire Suppression & Evacuate
22.32,60.15,1019.88,219.02,72.78,56.4,0.15,0.012,-0.53,Normal,Safe,Maintain Regular Monitoring
25.87,66.73,1007.39,137.42,79.98,100.72,3.98,0.002,0.195,Roof Fall / Rock Burst Risk,Critical Danger,Immediate Tunnel Evacuation: Structural Collapse Threat
22.77,71.25,1011.12,84.76,44,59.22,0.06,-0.043,0.929,Normal,Safe,Maintain Regular Monitoring
20.36,63.87,1010.2,162.49,97.7,102.73,4.5,0.051,-0.766,Roof Fall / Rock Burst Risk,Critical Danger,Immediate Tunnel Evacuation: Structural Collapse Threat
27.64,64.6,1013.21,171.43,50.79,54.26,0.06,0.065,0.089,Normal,Safe,Maintain Regular Monitoring
26.31,64.42,1009.03,103.35,107.05,72.95,3.99,0.012,-1.371,Worker Fall / Distress,High Risk,Dispatch Medical Team & Locate Worker via LoRa Beacon
27.06,66.48,1008.38,4000.21,85.86,56.66,0.12,0.259,56.418,Methane Accumulation,Critical Danger,Immediate Evacuation & Cut Power Supply
23.15,53.87,1013.99,108.24,42.39,58.9,0.13,0.018,0.012,Normal,Safe,Maintain Regular Monitoring
25.59,67.82,1013.92,228.94,29.06,49.86,0.07,-0.028,-0.639,Normal,Safe,Maintain Regular Monitoring
22.4,62.21,1013.54,144.14,31.84,51.77,0.08,0.035,1.829,Normal,Safe,Maintain Regular Monitoring
31.89,86.1,1010.22,336.27,349.45,40.04,0.14,0.031,0.422,Toxic Gas / Poor Ventilation,Moderate Risk,Inspect Ventilation Ducts & Airflow Dampers
26.31,71.25,1008.56,155.11,102.12,88.5,4.88,0.092,1.233,Worker Fall / Distress,High Risk,Dispatch Medical Team & Locate Worker via LoRa Beacon
26.33,64.89,1019.99,1067.11,138.88,63.38,0.3,0.225,26.195,Methane Accumulation,High Risk,Boost Ventilation Fan Speed & Alert Sector
24.49,56.01,1011.03,2290.9,137.28,47.96,0.21,0.147,77.429,Methane Accumulation,Critical Danger,Immediate Evacuation & Cut Power Supply
24.44,65.43,1015.98,122.63,41.15,88.71,3.88,0.033,-0.671,Roof Fall / Rock Burst Risk,Critical Danger,Immediate Tunnel Evacuation: Structural Collapse Threat
29.09,89.56,1005.33,325.48,239.3,49.88,0.12,0.04,-2.211,Toxic Gas / Poor Ventilation,Moderate Risk,Inspect Ventilation Ducts & Airflow Dampers
52.93,33.29,1009.73,868.13,605.15,63.07,0.27,1.916,6.913,Spontaneous Combustion / Fire,Critical Danger,Trigger Automated Fire Suppression & Evacuate
28.77,58.93,1003.01,2867.59,133.81,62.58,0.16,0.333,61.419,Methane Accumulation,Critical Danger,Immediate Evacuation & Cut Power Supply
25.75,66.18,1004.16,2200.61,179.11,65.16,0.33,0.372,74.781,Methane Accumulation,Critical Danger,Immediate Evacuation & Cut Power Supply
26.28,63.94,1013.76,181.08,73.25,90.45,3.24,0.034,0.771,Roof Fall / Rock Burst Risk,Critical Danger,Immediate Tunnel Evacuation: Structural Collapse Threat
22.74,62.34,1013.31,134.18,78.66,50.92,0.18,0,-0.49,Normal,Safe,Maintain Regular Monitoring
37.42,41.03,1010.84,690.51,406.88,75.73,0.4,1.292,2.562,Spontaneous Combustion / Fire,Critical Danger,Trigger Automated Fire Suppression & Evacuate
29.43,53.68,1005.73,3895.04,166.52,67.66,0.16,0.123,76.907,Methane Accumulation,Critical Danger,Immediate Evacuation & Cut Power Supply
27.89,62.47,1007.12,195.02,110.2,105.84,3.07,-0.006,0.976,Roof Fall / Rock Burst Risk,Critical Danger,Immediate Tunnel Evacuation: Structural Collapse Threat
24.31,57.98,1018.39,223.57,46.32,44.76,0.12,0.06,2.089,Normal,Safe,Maintain Regular Monitoring
52.7,44.4,1009.56,1086.99,319.2,73.42,0.36,2.242,10.169,Spontaneous Combustion / Fire,Critical Danger,Trigger Automated Fire Suppression & Evacuate
29.99,59.27,1008.57,3915.57,78.06,64.11,0.15,-0.001,18.107,Methane Accumulation,Critical Danger,Immediate Evacuation & Cut Power Supply
44.12,37.98,1013.25,429.74,299.64,86.47,0.22,2.386,11.003,Spontaneous Combustion / Fire,High Risk,Dispatch Fire Inspection Team & Seal Airflow
24.97,67.75,1012.94,232.8,54.26,61.79,0.05,-0.05,-0.426,Normal,Safe,Maintain Regular Monitoring
57.92,28.09,1007.33,793.69,620.06,60.1,0.44,3.213,6.34,Spontaneous Combustion / Fire,Critical Danger,Trigger Automated Fire Suppression & Evacuate
48.61,47.35,1014.96,1085.18,426.92,64.72,0.26,1.245,4.092,Spontaneous Combustion / Fire,Critical Danger,Trigger Automated Fire Suppression & Evacuate
50.45,38.22,1012.88,446.46,405.34,65.69,0.42,1.725,8.679,Spontaneous Combustion / Fire,Critical Danger,Trigger Automated Fire Suppression & Evacuate
57.27,35.81,1013.65,827.9,356.12,71.57,0.44,2.023,11.376,Spontaneous Combustion / Fire,Critical Danger,Trigger Automated Fire Suppression & Evacuate
56.12,33.08,1004.37,591.55,515.92,61.56,0.45,2.832,6.377,Spontaneous Combustion / Fire,Critical Danger,Trigger Automated Fire Suppression & Evacuate
32.33,83.23,1005.16,298.59,526.48,50.55,0.09,0.201,1.601,Toxic Gas / Poor Ventilation,High Risk,Activate Auxiliary Air Scrubbers & Ventilate
23.57,61.05,1020.76,52.34,33.24,48.13,0.16,-0.032,-0.646,Normal,Safe,Maintain Regular Monitoring
34.09,84.03,1007.52,337.5,453.85,44.04,0.04,0.049,3.588,Toxic Gas / Poor Ventilation,High Risk,Activate Auxiliary Air Scrubbers & Ventilate
29.87,59.43,1004.06,4465.55,94.61,45.19,0.3,-0.01,72.72,Methane Accumulation,Critical Danger,Immediate Evacuation & Cut Power Supply
23.28,68.51,1012.58,159.68,75.42,58.11,0.18,-0.039,0.659,Normal,Safe,Maintain Regular Monitoring
28.48,52.45,1012.78,221.38,61.66,51.4,0.08,0,0.453,Normal,Safe,Maintain Regular Monitoring
24.97,61.85,1016.66,77.79,63.65,53.11,0.09,0.136,-0.803,Normal,Safe,Maintain Regular Monitoring
27.57,64.27,1010.19,222.58,82.25,101.67,1.9,-0.043,1.21,Roof Fall / Rock Burst Risk,Critical Danger,Immediate Tunnel Evacuation: Structural Collapse Threat
25.68,56.14,1012.3,82.6,92.27,104.77,4.46,-0.1,0.588,Roof Fall / Rock Burst Risk,Critical Danger,Immediate Tunnel Evacuation: Structural Collapse Threat
24.6,54.85,1006.96,120.15,62.12,89.7,3.42,0.049,0.3,Roof Fall / Rock Burst Risk,Critical Danger,Immediate Tunnel Evacuation: Structural Collapse Threat
26.59,52.8,1005.96,3002.17,186.85,61.34,0.29,0.394,66.623,Methane Accumulation,Critical Danger,Immediate Evacuation & Cut Power Supply
26.67,61.32,1006.28,4566.95,103.73,68.22,0.33,0.171,84.552,Methane Accumulation,Critical Danger,Immediate Evacuation & Cut Power Supply
21.87,76.69,1011.2,160.81,31.27,48.48,0.1,0.045,0.106,Normal,Safe,Maintain Regular Monitoring
25.83,52.05,1017.08,50.86,79.48,48.72,0.21,-0.056,1.38,Normal,Safe,Maintain Regular Monitoring
28.27,67.31,1006.6,2859.26,103.33,53.89,0.14,0.128,27.914,Methane Accumulation,Critical Danger,Immediate Evacuation & Cut Power Supply
24.75,65.52,1012.1,207.24,61.97,54.53,0.11,-0.018,-0.432,Normal,Safe,Maintain Regular Monitoring
25.97,64.12,1016.03,104.99,47.94,45.4,0.12,-0.037,1.397,Normal,Safe,Maintain Regular Monitoring
51.42,34.95,1017.72,833.29,329.81,56.19,0.4,2.749,4.341,Spontaneous Combustion / Fire,Critical Danger,Trigger Automated Fire Suppression & Evacuate
22.59,63.16,1008.25,157.31,72.7,112.48,2.45,0.015,-0.331,Roof Fall / Rock Burst Risk,Critical Danger,Immediate Tunnel Evacuation: Structural Collapse Threat
27.46,74,1011.07,210.09,67.72,79.66,4.21,-0.085,0.963,Worker Fall / Distress,High Risk,Dispatch Medical Team & Locate Worker via LoRa Beacon
26.43,74.71,1010.68,113.15,75.13,82.9,4.87,-0.041,-0.724,Worker Fall / Distress,High Risk,Dispatch Medical Team & Locate Worker via LoRa Beacon
56.82,34.86,1012.07,505.21,535.18,64.65,0.37,3.186,9.668,Spontaneous Combustion / Fire,Critical Danger,Trigger Automated Fire Suppression & Evacuate
29.41,64.17,1012.51,3852.09,187.53,56.26,0.22,0.189,18.25,Methane Accumulation,Critical Danger,Immediate Evacuation & Cut Power Supply
42.47,39.74,1013.88,948.69,413.4,60.03,0.42,1.016,10.401,Spontaneous Combustion / Fire,Critical Danger,Trigger Automated Fire Suppression & Evacuate
23.97,68.74,1008.82,226.05,106.53,99.21,3.81,-0.034,0.102,Roof Fall / Rock Burst Risk,Critical Danger,Immediate Tunnel Evacuation: Structural Collapse Threat
22.47,66.28,1017.2,73.59,43.62,49.95,0.1,0.012,1.711,Normal,Safe,Maintain Regular Monitoring
26.26,58.34,1013.65,3712.07,138.24,72.07,0.27,0.111,58.337,Methane Accumulation,Critical Danger,Immediate Evacuation & Cut Power Supply
32.33,91.56,1008.87,198.69,510.52,42.79,0.06,0.026,-2.33,Toxic Gas / Poor Ventilation,High Risk,Activate Auxiliary Air Scrubbers & Ventilate
29.69,58.3,1013.17,3490.82,106.99,58.04,0.25,0.072,60.986,Methane Accumulation,Critical Danger,Immediate Evacuation & Cut Power Supply
48.72,47.76,1011.54,350.24,248.23,69.36,0.24,1.169,7.259,Spontaneous Combustion / Fire,Critical Danger,Trigger Automated Fire Suppression & Evacuate
47.42,39.5,1005.73,400.29,470.57,62.35,0.32,1.414,9.119,Spontaneous Combustion / Fire,Critical Danger,Trigger Automated Fire Suppression & Evacuate
26.11,60.81,1006.74,96,44.57,52.01,0.06,0.054,-1.615,Normal,Safe,Maintain Regular Monitoring
23.8,56.01,1011.45,4697.21,111.76,56.78,0.11,0.346,63.825,Methane Accumulation,Critical Danger,Immediate Evacuation & Cut Power Supply
24.98,61.37,1017.62,114,89.38,58.18,0.14,-0.033,-1.125,Normal,Safe,Maintain Regular Monitoring
25.62,54.96,1012.24,183.37,32.34,48.54,0.25,0.053,-1.685,Normal,Safe,Maintain Regular Monitoring
25.02,55.66,1015.87,200.41,36.41,62.66,0.18,-0.021,-0.139,Normal,Safe,Maintain Regular Monitoring
29.84,90.59,1000.47,253.37,315.08,40.9,0.1,-0.105,-1.271,Toxic Gas / Poor Ventilation,Moderate Risk,Inspect Ventilation Ducts & Airflow Dampers
25.66,55.64,1012.18,78.94,89.46,57.06,0.17,-0.076,-0.143,Normal,Safe,Maintain Regular Monitoring
26.83,55.19,1011.91,1709.32,91.99,63.69,0.29,0.123,41.459,Methane Accumulation,High Risk,Boost Ventilation Fan Speed & Alert Sector
23.4,66.81,1012.37,163.85,80.1,53.73,0.24,0.006,0.206,Normal,Safe,Maintain Regular Monitoring
22.24,65.86,1010.75,78.6,45.22,82.13,6.36,-0.095,-0.967,Worker Fall / Distress,High Risk,Dispatch Medical Team & Locate Worker via LoRa Beacon
24.51,62.45,1008.98,67.78,54.95,52.33,0.08,0.025,-1.865,Normal,Safe,Maintain Regular Monitoring
27.12,63.89,1008.7,1094.12,158.66,58.85,0.29,0.329,21.158,Methane Accumulation,High Risk,Boost Ventilation Fan Speed & Alert Sector
33.09,83.91,1008.35,251.85,530.53,45.04,0.18,0.046,-0.761,Toxic Gas / Poor Ventilation,High Risk,Activate Auxiliary Air Scrubbers & Ventilate
28.44,90.82,1008.48,199.19,497.85,39.85,0.04,-0.017,1.533,Toxic Gas / Poor Ventilation,High Risk,Activate Auxiliary Air Scrubbers & Ventilate
24.4,57.91,1016.48,170.07,40.22,64.18,0.2,0.006,1.441,Normal,Safe,Maintain Regular Monitoring
29.85,85.36,1005.12,334.14,421.24,38.65,0.13,0.159,-0.389,Toxic Gas / Poor Ventilation,High Risk,Activate Auxiliary Air Scrubbers & Ventilate
27.46,68.11,1004.65,2685.35,185.89,68.63,0.17,0.132,54.116,Methane Accumulation,Critical Danger,Immediate Evacuation & Cut Power Supply
25.7,60.78,1010.16,2048.13,146.63,72.53,0.14,0.37,59.42,Methane Accumulation,Critical Danger,Immediate Evacuation & Cut Power Supply
23.91,61.76,1014.01,109.68,94.09,52.24,0.07,0.046,-1.478,Normal,Safe,Maintain Regular Monitoring
27.01,64.35,1017.37,222.21,56.51,52.19,0.13,-0.054,1.091,Normal,Safe,Maintain Regular Monitoring
25.65,58.16,1009.76,184.08,47.85,119.8,2.95,0.056,-0.656,Roof Fall / Rock Burst Risk,Critical Danger,Immediate Tunnel Evacuation: Structural Collapse Threat
27.18,61.01,1008.92,4690.74,143.01,79.53,0.2,0.456,47.808,Methane Accumulation,Critical Danger,Immediate Evacuation & Cut Power Supply
28.19,61.12,1012.24,4257.98,132.26,64.28,0.19,0.121,20.701,Methane Accumulation,Critical Danger,Immediate Evacuation & Cut Power Supply
29.1,64.49,1011.32,231.41,91.9,107.37,4.21,-0.024,0.053,Roof Fall / Rock Burst Risk,Critical Danger,Immediate Tunnel Evacuation: Structural Collapse Threat
24.85,66.57,1013.16,89.84,116.22,114.95,2.31,0.092,2.555,Roof Fall / Rock Burst Risk,Critical Danger,Immediate Tunnel Evacuation: Structural Collapse Threat
23.45,62.73,1010.37,83.94,95.95,49.39,0.23,0.062,2.8,Normal,Safe,Maintain Regular Monitoring
39.72,45.16,1014.62,1041.32,576.5,66.94,0.41,2.12,3.639,Spontaneous Combustion / Fire,Critical Danger,Trigger Automated Fire Suppression & Evacuate
25.11,68.14,1016.58,87.21,40.87,57.68,0.2,0.015,0.872,Normal,Safe,Maintain Regular Monitoring
24.75,60.81,1018.26,164.29,72.86,95.92,3.11,0.1,2.447,Roof Fall / Rock Burst Risk,Critical Danger,Immediate Tunnel Evacuation: Structural Collapse Threat
52.76,35.18,1012.09,1067.57,397.23,79.59,0.42,3.016,8.377,Spontaneous Combustion / Fire,Critical Danger,Trigger Automated Fire Suppression & Evacuate
23.37,66.45,1006.34,163.16,94.92,92.72,4.71,0.035,0.031,Worker Fall / Distress,High Risk,Dispatch Medical Team & Locate Worker via LoRa Beacon
24.8,60.05,1011.92,171.46,36.39,64.41,0.14,-0.001,-0.102,Normal,Safe,Maintain Regular Monitoring
23.27,58.91,1012.63,143.09,56.92,44.43,0.16,-0.026,-0.672,Normal,Safe,Maintain Regular Monitoring
21.26,59.57,1014.48,135.85,77.57,47.82,0.18,0.155,1.595,Normal,Safe,Maintain Regular Monitoring
